revid,ts,team_code,matches,points,rating
1336428738,2026-02-03T19:25:21Z,IND,76,20715,273
1336428738,2026-02-03T19:25:21Z,AUS,45,11757,261
1336428738,2026-02-03T19:25:21Z,ENG,48,12443,259
1336428738,2026-02-03T19:25:21Z,NZ,58,14530,251
1336428738,2026-02-03T19:25:21Z,SA,56,13492,241
1336428738,2026-02-03T19:25:21Z,PAK,78,18549,238
1336428738,2026-02-03T19:25:21Z,WIN,67,15711,234
1336428738,2026-02-03T19:25:21Z,SL,53,12047,227
1336428738,2026-02-03T19:25:21Z,BAN,67,14925,223
1336428738,2026-02-03T19:25:21Z,AFG,48,10650,222
1336428738,2026-02-03T19:25:21Z,IRE,42,8424,201
1336428738,2026-02-03T19:25:21Z,ZIM,66,13190,200
1336428738,2026-02-03T19:25:21Z,NED,35,6366,182
1336428738,2026-02-03T19:25:21Z,SCO,23,4178,182
1336428738,2026-02-03T19:25:21Z,NAM,35,6344,181
1336428738,2026-02-03T19:25:21Z,UAE,62,10883,176
1336428738,2026-02-03T19:25:21Z,NEP,42,7384,176
1336428738,2026-02-03T19:25:21Z,USA,33,5769,175
1336428738,2026-02-03T19:25:21Z,CAN,35,5374,154
1336428738,2026-02-03T19:25:21Z,OMA,47,7140,152
1336428738,2026-02-03T19:25:21Z,UGA,56,7952,142
1336428738,2026-02-03T19:25:21Z,PNG,20,2718,136
1336428738,2026-02-03T19:25:21Z,KUW,42,5441,130
1336428738,2026-02-03T19:25:21Z,HK,52,6602,127
1336428738,2026-02-03T19:25:21Z,MAS,59,7386,125
1336428738,2026-02-03T19:25:21Z,BHR,72,8595,119
1336428738,2026-02-03T19:25:21Z,ITA,18,2138,119
1336428738,2026-02-03T19:25:21Z,JER,24,2819,117
1336428738,2026-02-03T19:25:21Z,QAT,41,4666,114
1336428738,2026-02-03T19:25:21Z,ESP,22,2478,113
1336428738,2026-02-03T19:25:21Z,BER,27,3040,113
1336428738,2026-02-03T19:25:21Z,SAU,39,4245,109
1336428738,2026-02-03T19:25:21Z,KEN,48,5074,106
1336428738,2026-02-03T19:25:21Z,TAN,41,4082,100
1336428738,2026-02-03T19:25:21Z,GER,22,1924,87
1336428738,2026-02-03T19:25:21Z,NGA,53,4166,79
1336428738,2026-02-03T19:25:21Z,GUE,27,2071,77
1336428738,2026-02-03T19:25:21Z,SIN,41,3075,75
1336428738,2026-02-03T19:25:21Z,CAY,26,1921,74
1336428738,2026-02-03T19:25:21Z,AUT,57,4054,71
1336428738,2026-02-03T19:25:21Z,DEN,18,1262,70
1336428738,2026-02-03T19:25:21Z,NOR,30,2095,70
1336428738,2026-02-03T19:25:21Z,POR,20,1333,67
1336428738,2026-02-03T19:25:21Z,JPN,38,2518,66
1336428738,2026-02-03T19:25:21Z,BEL,36,2059,57
1336428738,2026-02-03T19:25:21Z,ARG,15,745,50
1336428738,2026-02-03T19:25:21Z,SUI,22,1086,49
1336428738,2026-02-03T19:25:21Z,FIN,23,1130,49
1336428738,2026-02-03T19:25:21Z,SWE,22,1048,48
1336428738,2026-02-03T19:25:21Z,MWI,43,2019,47
1336428738,2026-02-03T19:25:21Z,BOT,33,1547,47
1336428738,2026-02-03T19:25:21Z,IOM,13,604,46
1336428738,2026-02-03T19:25:21Z,FRA,24,1109,46
1336428738,2026-02-03T19:25:21Z,ROM,34,1544,45
1336428738,2026-02-03T19:25:21Z,PHI,26,1158,45
1336428738,2026-02-03T19:25:21Z,BAH,23,972,42
1336428738,2026-02-03T19:25:21Z,THA,41,1724,42
1336428738,2026-02-03T19:25:21Z,CZE,22,911,41
1336428738,2026-02-03T19:25:21Z,COK,14,552,39
1336428738,2026-02-03T19:25:21Z,CAM,32,1246,39
1336428738,2026-02-03T19:25:21Z,RWA,74,2874,39
1336428738,2026-02-03T19:25:21Z,IDN,79,3044,39
1336428738,2026-02-03T19:25:21Z,FIJ,11,387,35
1336428738,2026-02-03T19:25:21Z,VAN,16,561,35
1336428738,2026-02-03T19:25:21Z,CYP,24,789,33
1336428738,2026-02-03T19:25:21Z,GHA,19,570,30
1336428738,2026-02-03T19:25:21Z,HUN,33,971,29
1336428738,2026-02-03T19:25:21Z,SAM,23,672,29
1336428738,2026-02-03T19:25:21Z,ZAM,10,290,29
1336428738,2026-02-03T19:25:21Z,EST,24,665,28
1336428738,2026-02-03T19:25:21Z,MLT,41,1085,26
1336428738,2026-02-03T19:25:21Z,MOZ,20,518,26
1336428738,2026-02-03T19:25:21Z,ESW,19,491,26
1336428738,2026-02-03T19:25:21Z,ISR,7,178,25
1336428738,2026-02-03T19:25:21Z,PAN,15,318,21
1336428738,2026-02-03T19:25:21Z,BLZ,8,164,21
1336428738,2026-02-03T19:25:21Z,BHU,31,626,20
1336428738,2026-02-03T19:25:21Z,GIB,26,494,19
1336428738,2026-02-03T19:25:21Z,LUX,24,432,18
1336428738,2026-02-03T19:25:21Z,SLE,27,477,18
1336428738,2026-02-03T19:25:21Z,CRC,13,218,17
1336428738,2026-02-03T19:25:21Z,MEX,18,287,16
1336428738,2026-02-03T19:25:21Z,SUR,8,119,15
1336428738,2026-02-03T19:25:21Z,SRB,30,315,11
1336428738,2026-02-03T19:25:21Z,MDV,21,214,10
1336428738,2026-02-03T19:25:21Z,CMR,11,86,8
1336428738,2026-02-03T19:25:21Z,BRA,12,90,8
1336428738,2026-02-03T19:25:21Z,BUL,29,191,7
1336428738,2026-02-03T19:25:21Z,KOR,16,94,6
1336428738,2026-02-03T19:25:21Z,CHN,6,29,5
1336428738,2026-02-03T19:25:21Z,LES,11,24,2
1336428738,2026-02-03T19:25:21Z,TUR,12,26,2
1336428738,2026-02-03T19:25:21Z,GAM,8,6,1
1336428738,2026-02-03T19:25:21Z,MYA,29,0,0
1336428738,2026-02-03T19:25:21Z,SLO,18,0,0
1336428738,2026-02-03T19:25:21Z,SEY,7,0,0
1336428738,2026-02-03T19:25:21Z,MLI,9,0,0
1336428738,2026-02-03T19:25:21Z,GRE,6,0,0
1336428738,2026-02-03T19:25:21Z,CRO,26,0,0
1336428738,2026-02-03T19:25:21Z,MGL,13,0,0
1336428738,2026-02-03T19:25:21Z,TLS,8,0,0
1338362579,2026-02-14T18:51:44Z,IND,78,21281,273
1338362579,2026-02-14T18:51:44Z,AUS,47,12199,260
1338362579,2026-02-14T18:51:44Z,ENG,51,13165,258
1338362579,2026-02-14T18:51:44Z,NZ,61,15255,250
1338362579,2026-02-14T18:51:44Z,SA,59,14315,243
1338362579,2026-02-14T18:51:44Z,PAK,80,19045,238
1338362579,2026-02-14T18:51:44Z,WIN,69,16264,236
1338362579,2026-02-14T18:51:44Z,SL,55,12536,228
1338362579,2026-02-14T18:51:44Z,BAN,67,14925,223
1338362579,2026-02-14T18:51:44Z,AFG,50,11042,221
1338362579,2026-02-14T18:51:44Z,ZIM,68,13690,201
1338362579,2026-02-14T18:51:44Z,IRE,45,9001,200
1338362579,2026-02-14T18:51:44Z,NED,38,6893,181
1338362579,2026-02-14T18:51:44Z,SCO,26,4713,181
1338362579,2026-02-14T18:51:44Z,NAM,37,6646,180
1338362579,2026-02-14T18:51:44Z,USA,36,6332,176
1338362579,2026-02-14T18:51:44Z,UAE,64,11252,176
1338362579,2026-02-14T18:51:44Z,NEP,44,7636,174
1338362579,2026-02-14T18:51:44Z,CAN,37,5643,153
1338362579,2026-02-14T18:51:44Z,OMA,50,7566,151
1338362579,2026-02-14T18:51:44Z,UGA,56,7952,142
1338362579,2026-02-14T18:51:44Z,PNG,20,2718,136
1338362579,2026-02-14T18:51:44Z,KUW,42,5441,130
1338362579,2026-02-14T18:51:44Z,HK,52,6602,127
1338362579,2026-02-14T18:51:44Z,MAS,59,7386,125
1338362579,2026-02-14T18:51:44Z,ITA,20,2455,123
1338362579,2026-02-14T18:51:44Z,BHR,76,8958,118
1338362579,2026-02-14T18:51:44Z,JER,24,2819,117
1338362579,2026-02-14T18:51:44Z,QAT,45,5239,116
1338362579,2026-02-14T18:51:44Z,ESP,22,2478,113
1338362579,2026-02-14T18:51:44Z,BER,27,3040,113
1338362579,2026-02-14T18:51:44Z,SAU,39,4245,109
1338362579,2026-02-14T18:51:44Z,KEN,48,5074,106
1338362579,2026-02-14T18:51:44Z,TAN,41,4082,100
1338362579,2026-02-14T18:51:44Z,GER,22,1924,87
1338362579,2026-02-14T18:51:44Z,NGA,53,4166,79
1338362579,2026-02-14T18:51:44Z,GUE,27,2071,77
1338362579,2026-02-14T18:51:44Z,SIN,41,3075,75
1338362579,2026-02-14T18:51:44Z,CAY,26,1921,74
1338362579,2026-02-14T18:51:44Z,AUT,57,4054,71
1338362579,2026-02-14T18:51:44Z,DEN,18,1262,70
1338362579,2026-02-14T18:51:44Z,NOR,30,2095,70
1338362579,2026-02-14T18:51:44Z,POR,20,1333,67
1338362579,2026-02-14T18:51:44Z,JPN,38,2518,66
1338362579,2026-02-14T18:51:44Z,BEL,36,2059,57
1338362579,2026-02-14T18:51:44Z,ARG,15,745,50
1338362579,2026-02-14T18:51:44Z,SUI,22,1086,49
1338362579,2026-02-14T18:51:44Z,FIN,23,1130,49
1338362579,2026-02-14T18:51:44Z,SWE,22,1048,48
1338362579,2026-02-14T18:51:44Z,MWI,43,2019,47
1338362579,2026-02-14T18:51:44Z,BOT,33,1547,47
1338362579,2026-02-14T18:51:44Z,IOM,13,604,46
1338362579,2026-02-14T18:51:44Z,FRA,24,1109,46
1338362579,2026-02-14T18:51:44Z,ROM,34,1544,45
1338362579,2026-02-14T18:51:44Z,PHI,26,1158,45
1338362579,2026-02-14T18:51:44Z,BAH,23,972,42
1338362579,2026-02-14T18:51:44Z,THA,41,1724,42
1338362579,2026-02-14T18:51:44Z,CZE,22,911,41
1338362579,2026-02-14T18:51:44Z,COK,14,552,39
1338362579,2026-02-14T18:51:44Z,CAM,32,1246,39
1338362579,2026-02-14T18:51:44Z,RWA,74,2874,39
1338362579,2026-02-14T18:51:44Z,IDN,79,3044,39
1338362579,2026-02-14T18:51:44Z,FIJ,11,387,35
1338362579,2026-02-14T18:51:44Z,VAN,16,561,35
1338362579,2026-02-14T18:51:44Z,CYP,24,789,33
1338362579,2026-02-14T18:51:44Z,GHA,19,570,30
1338362579,2026-02-14T18:51:44Z,HUN,33,971,29
1338362579,2026-02-14T18:51:44Z,SAM,23,672,29
1338362579,2026-02-14T18:51:44Z,ZAM,10,290,29
1338362579,2026-02-14T18:51:44Z,EST,24,665,28
1338362579,2026-02-14T18:51:44Z,MLT,41,1085,26
1338362579,2026-02-14T18:51:44Z,MOZ,20,518,26
1338362579,2026-02-14T18:51:44Z,ESW,19,491,26
1338362579,2026-02-14T18:51:44Z,ISR,7,178,25
1338362579,2026-02-14T18:51:44Z,PAN,15,318,21
1338362579,2026-02-14T18:51:44Z,BLZ,8,164,21
1338362579,2026-02-14T18:51:44Z,BHU,31,626,20
1338362579,2026-02-14T18:51:44Z,GIB,26,494,19
1338362579,2026-02-14T18:51:44Z,LUX,24,432,18
1338362579,2026-02-14T18:51:44Z,SLE,27,477,18
1338362579,2026-02-14T18:51:44Z,CRC,13,218,17
1338362579,2026-02-14T18:51:44Z,MEX,18,287,16
1338362579,2026-02-14T18:51:44Z,SUR,8,119,15
1338362579,2026-02-14T18:51:44Z,SRB,30,315,11
1338362579,2026-02-14T18:51:44Z,MDV,21,214,10
1338362579,2026-02-14T18:51:44Z,CMR,11,86,8
1338362579,2026-02-14T18:51:44Z,BRA,12,90,8
1338362579,2026-02-14T18:51:44Z,BUL,29,191,7
1338362579,2026-02-14T18:51:44Z,KOR,16,94,6
1338362579,2026-02-14T18:51:44Z,CHN,6,29,5
1338362579,2026-02-14T18:51:44Z,LES,11,24,2
1338362579,2026-02-14T18:51:44Z,TUR,12,26,2
1338362579,2026-02-14T18:51:44Z,GAM,8,6,1
1338362579,2026-02-14T18:51:44Z,MYA,29,0,0
1338362579,2026-02-14T18:51:44Z,SLO,18,0,0
1338362579,2026-02-14T18:51:44Z,SEY,7,0,0
1338362579,2026-02-14T18:51:44Z,MLI,9,0,0
1338362579,2026-02-14T18:51:44Z,GRE,6,0,0
1338362579,2026-02-14T18:51:44Z,CRO,26,0,0
1338362579,2026-02-14T18:51:44Z,MGL,13,0,0
1338362579,2026-02-14T18:51:44Z,TLS,8,0,0
1340297970,2026-02-24T23:38:04Z,IND,81,22045,289
1340297970,2026-02-24T23:38:04Z,ENG,53,13711,254
1340297970,2026-02-24T23:38:04Z,AUS,49,12645,258
1340297970,2026-02-24T23:38:04Z,NZ,62,15515,250
1340297970,2026-02-24T23:38:04Z,SA,61,14891,244
1340297970,2026-02-24T23:38:04Z,PAK,82,19516,238
1340297970,2026-02-24T23:38:04Z,WIN,71,16756,236
1340297970,2026-02-24T23:38:04Z,SL,58,13205,228
1340297970,2026-02-24T23:38:04Z,BAN,67,14925,223
1340297970,2026-02-24T23:38:04Z,AFG,52,11504,221
1340297970,2026-02-24T23:38:04Z,ZIM,69,13969,202
1340297970,2026-02-24T23:38:04Z,IRE,45,9001,200
1340297970,2026-02-24T23:38:04Z,NED,39,7064,181
1340297970,2026-02-24T23:38:04Z,SCO,27,4836,179
1340297970,2026-02-24T23:38:04Z,NAM,39,6940,178
1340297970,2026-02-24T23:38:04Z,USA,37,6562,177
1340297970,2026-02-24T23:38:04Z,UAE,66,11584,176
1340297970,2026-02-24T23:38:04Z,NEP,46,8031,175
1340297970,2026-02-24T23:38:04Z,CAN,39,5928,152
1340297970,2026-02-24T23:38:04Z,OMA,51,7707,151
1340297970,2026-02-24T23:38:04Z,UGA,56,7952,142
1340297970,2026-02-24T23:38:04Z,PNG,20,2718,136
1340297970,2026-02-24T23:38:04Z,KUW,42,5441,130
1340297970,2026-02-24T23:38:04Z,HK,52,6602,127
1340297970,2026-02-24T23:38:04Z,MAS,59,7386,125
1340297970,2026-02-24T23:38:04Z,ITA,21,2568,122
1340297970,2026-02-24T23:38:04Z,QAT,46,5407,118
1340297970,2026-02-24T23:38:04Z,JER,24,2819,117
1340297970,2026-02-24T23:38:04Z,BHR,77,9024,117
1340297970,2026-02-24T23:38:04Z,ESP,22,2478,113
1340297970,2026-02-24T23:38:04Z,BER,27,3040,113
1340297970,2026-02-24T23:38:04Z,SAU,39,4245,109
1340297970,2026-02-24T23:38:04Z,KEN,48,5074,106
1340297970,2026-02-24T23:38:04Z,TAN,41,4082,100
1340297970,2026-02-24T23:38:04Z,GER,22,1924,87
1340297970,2026-02-24T23:38:04Z,NGA,53,4166,79
1340297970,2026-02-24T23:38:04Z,GUE,27,2071,77
1340297970,2026-02-24T23:38:04Z,SIN,41,3075,75
1340297970,2026-02-24T23:38:04Z,CAY,26,1921,74
1340297970,2026-02-24T23:38:04Z,AUT,57,4054,71
1340297970,2026-02-24T23:38:04Z,DEN,18,1262,70
1340297970,2026-02-24T23:38:04Z,NOR,30,2095,70
1340297970,2026-02-24T23:38:04Z,POR,20,1333,67
1340297970,2026-02-24T23:38:04Z,JPN,38,2518,66
1340297970,2026-02-24T23:38:04Z,BEL,36,2059,57
1340297970,2026-02-24T23:38:04Z,ARG,15,745,50
1340297970,2026-02-24T23:38:04Z,SUI,22,1086,49
1340297970,2026-02-24T23:38:04Z,FIN,23,1130,49
1340297970,2026-02-24T23:38:04Z,SWE,22,1048,48
1340297970,2026-02-24T23:38:04Z,MWI,43,2019,47
1340297970,2026-02-24T23:38:04Z,BOT,33,1547,47
1340297970,2026-02-24T23:38:04Z,IOM,13,604,46
1340297970,2026-02-24T23:38:04Z,FRA,24,1109,46
1340297970,2026-02-24T23:38:04Z,ROM,34,1544,45
1340297970,2026-02-24T23:38:04Z,PHI,26,1158,45
1340297970,2026-02-24T23:38:04Z,BAH,23,972,42
1340297970,2026-02-24T23:38:04Z,THA,41,1724,42
1340297970,2026-02-24T23:38:04Z,CZE,22,911,41
1340297970,2026-02-24T23:38:04Z,COK,14,552,39
1340297970,2026-02-24T23:38:04Z,CAM,32,1246,39
1340297970,2026-02-24T23:38:04Z,RWA,74,2874,39
1340297970,2026-02-24T23:38:04Z,IDN,79,3044,39
1340297970,2026-02-24T23:38:04Z,FIJ,11,387,35
1340297970,2026-02-24T23:38:04Z,VAN,16,561,35
1340297970,2026-02-24T23:38:04Z,CYP,24,789,33
1340297970,2026-02-24T23:38:04Z,GHA,19,570,30
1340297970,2026-02-24T23:38:04Z,HUN,33,971,29
1340297970,2026-02-24T23:38:04Z,SAM,23,672,29
1340297970,2026-02-24T23:38:04Z,ZAM,10,290,29
1340297970,2026-02-24T23:38:04Z,EST,24,665,28
1340297970,2026-02-24T23:38:04Z,MLT,41,1085,26
1340297970,2026-02-24T23:38:04Z,MOZ,20,518,26
1340297970,2026-02-24T23:38:04Z,ESW,19,491,26
1340297970,2026-02-24T23:38:04Z,ISR,7,178,25
1340297970,2026-02-24T23:38:04Z,PAN,15,318,21
1340297970,2026-02-24T23:38:04Z,BLZ,8,164,21
1340297970,2026-02-24T23:38:04Z,BHU,31,626,20
1340297970,2026-02-24T23:38:04Z,GIB,26,494,19
1340297970,2026-02-24T23:38:04Z,LUX,24,432,18
1340297970,2026-02-24T23:38:04Z,SLE,27,477,18
1340297970,2026-02-24T23:38:04Z,CRC,13,218,17
1340297970,2026-02-24T23:38:04Z,MEX,18,287,16
1340297970,2026-02-24T23:38:04Z,SUR,8,119,15
1340297970,2026-02-24T23:38:04Z,SRB,30,315,11
1340297970,2026-02-24T23:38:04Z,MDV,21,214,10
1340297970,2026-02-24T23:38:04Z,CMR,11,86,8
1340297970,2026-02-24T23:38:04Z,BRA,12,90,8
1340297970,2026-02-24T23:38:04Z,BUL,29,191,7
1340297970,2026-02-24T23:38:04Z,KOR,16,94,6
1340297970,2026-02-24T23:38:04Z,SHL,8,44,6
1340297970,2026-02-24T23:38:04Z,CHN,6,29,5
1340297970,2026-02-24T23:38:04Z,LES,11,24,2
1340297970,2026-02-24T23:38:04Z,TUR,12,26,2
1340297970,2026-02-24T23:38:04Z,GAM,8,6,1
1340297970,2026-02-24T23:38:04Z,MYA,29,0,0
1340297970,2026-02-24T23:38:04Z,SLO,18,0,0
1340297970,2026-02-24T23:38:04Z,SEY,7,0,0
1340297970,2026-02-24T23:38:04Z,MLI,9,0,0
1340297970,2026-02-24T23:38:04Z,GRE,6,0,0
1340297970,2026-02-24T23:38:04Z,CRO,26,0,0
1340297970,2026-02-24T23:38:04Z,MGL,13,0,0
1340297970,2026-02-24T23:38:04Z,TLS,8,0,0
1342159357,2026-03-07T10:51:11Z,IND,83,22613,272
1342159357,2026-03-07T10:51:11Z,ENG,55,14300,260
1342159357,2026-03-07T10:51:11Z,AUS,49,12645,258
1342159357,2026-03-07T10:51:11Z,NZ,64,16002,250
1342159357,2026-03-07T10:51:11Z,SA,63,15432,245
1342159357,2026-03-07T10:51:11Z,PAK,84,20002,238
1342159357,2026-03-07T10:51:11Z,WIN,74,17424,235
1342159357,2026-03-07T10:51:11Z,SL,60,13593,227
1342159357,2026-03-07T10:51:11Z,BAN,67,14925,223
1342159357,2026-03-07T10:51:11Z,AFG,52,11504,221
1342159357,2026-03-07T10:51:11Z,ZIM,72,14539,202
1342159357,2026-03-07T10:51:11Z,IRE,45,9001,200
1342159357,2026-03-07T10:51:11Z,NED,39,7064,181
1342159357,2026-03-07T10:51:11Z,SCO,27,4836,179
1342159357,2026-03-07T10:51:11Z,NAM,39,6940,178
1342159357,2026-03-07T10:51:11Z,USA,37,6562,177
1342159357,2026-03-07T10:51:11Z,UAE,66,11584,176
1342159357,2026-03-07T10:51:11Z,NEP,46,8031,175
1342159357,2026-03-07T10:51:11Z,CAN,39,5928,152
1342159357,2026-03-07T10:51:11Z,OMA,51,7707,151
1342159357,2026-03-07T10:51:11Z,UGA,56,7952,142
1342159357,2026-03-07T10:51:11Z,PNG,20,2718,136
1342159357,2026-03-07T10:51:11Z,KUW,45,5775,128
1342159357,2026-03-07T10:51:11Z,HK,55,7037,128
1342159357,2026-03-07T10:51:11Z,MAS,59,7386,125
1342159357,2026-03-07T10:51:11Z,ITA,21,2568,122
1342159357,2026-03-07T10:51:11Z,QAT,46,5407,118
1342159357,2026-03-07T10:51:11Z,JER,24,2819,117
1342159357,2026-03-07T10:51:11Z,BHR,81,9430,116
1342159357,2026-03-07T10:51:11Z,ESP,22,2478,113
1342159357,2026-03-07T10:51:11Z,BER,27,3040,113
1342159357,2026-03-07T10:51:11Z,SAU,39,4245,109
1342159357,2026-03-07T10:51:11Z,KEN,48,5074,106
1342159357,2026-03-07T10:51:11Z,TAN,41,4082,100
1342159357,2026-03-07T10:51:11Z,GER,22,1924,87
1342159357,2026-03-07T10:51:11Z,NGA,53,4166,79
1342159357,2026-03-07T10:51:11Z,GUE,27,2071,77
1342159357,2026-03-07T10:51:11Z,SIN,41,3075,75
1342159357,2026-03-07T10:51:11Z,CAY,26,1921,74
1342159357,2026-03-07T10:51:11Z,AUT,57,4054,71
1342159357,2026-03-07T10:51:11Z,DEN,18,1262,70
1342159357,2026-03-07T10:51:11Z,NOR,30,2095,70
1342159357,2026-03-07T10:51:11Z,JPN,42,2905,69
1342159357,2026-03-07T10:51:11Z,POR,20,1333,67
1342159357,2026-03-07T10:51:11Z,BEL,36,2059,57
1342159357,2026-03-07T10:51:11Z,ARG,15,745,50
1342159357,2026-03-07T10:51:11Z,SUI,22,1086,49
1342159357,2026-03-07T10:51:11Z,FIN,23,1130,49
1342159357,2026-03-07T10:51:11Z,SWE,22,1048,48
1342159357,2026-03-07T10:51:11Z,MWI,43,2019,47
1342159357,2026-03-07T10:51:11Z,BOT,33,1547,47
1342159357,2026-03-07T10:51:11Z,IOM,13,604,46
1342159357,2026-03-07T10:51:11Z,FRA,24,1109,46
1342159357,2026-03-07T10:51:11Z,ROM,34,1544,45
1342159357,2026-03-07T10:51:11Z,PHI,26,1158,45
1342159357,2026-03-07T10:51:11Z,BAH,23,972,42
1342159357,2026-03-07T10:51:11Z,CZE,22,911,41
1342159357,2026-03-07T10:51:11Z,THA,45,1811,40
1342159357,2026-03-07T10:51:11Z,COK,14,552,39
1342159357,2026-03-07T10:51:11Z,CAM,32,1246,39
1342159357,2026-03-07T10:51:11Z,RWA,74,2874,39
1342159357,2026-03-07T10:51:11Z,IDN,79,3044,39
1342159357,2026-03-07T10:51:11Z,FIJ,11,387,35
1342159357,2026-03-07T10:51:11Z,VAN,16,561,35
1342159357,2026-03-07T10:51:11Z,CYP,24,789,33
1342159357,2026-03-07T10:51:11Z,GHA,19,570,30
1342159357,2026-03-07T10:51:11Z,HUN,33,971,29
1342159357,2026-03-07T10:51:11Z,SAM,23,672,29
1342159357,2026-03-07T10:51:11Z,ZAM,10,290,29
1342159357,2026-03-07T10:51:11Z,EST,24,665,28
1342159357,2026-03-07T10:51:11Z,MLT,41,1085,26
1342159357,2026-03-07T10:51:11Z,MOZ,20,518,26
1342159357,2026-03-07T10:51:11Z,ESW,19,491,26
1342159357,2026-03-07T10:51:11Z,ISR,7,178,25
1342159357,2026-03-07T10:51:11Z,PAN,15,318,21
1342159357,2026-03-07T10:51:11Z,BHU,35,728,21
1342159357,2026-03-07T10:51:11Z,BLZ,8,164,21
1342159357,2026-03-07T10:51:11Z,GIB,26,494,19
1342159357,2026-03-07T10:51:11Z,LUX,24,432,18
1342159357,2026-03-07T10:51:11Z,SLE,27,477,18
1342159357,2026-03-07T10:51:11Z,CRC,13,218,17
1342159357,2026-03-07T10:51:11Z,MEX,18,287,16
1342159357,2026-03-07T10:51:11Z,SUR,8,119,15
1342159357,2026-03-07T10:51:11Z,SRB,30,315,11
1342159357,2026-03-07T10:51:11Z,MDV,21,214,10
1342159357,2026-03-07T10:51:11Z,CMR,11,86,8
1342159357,2026-03-07T10:51:11Z,BRA,12,90,8
1342159357,2026-03-07T10:51:11Z,BUL,29,191,7
1342159357,2026-03-07T10:51:11Z,KOR,16,94,6
1342159357,2026-03-07T10:51:11Z,SHL,8,44,6
1342159357,2026-03-07T10:51:11Z,CHN,6,29,5
1342159357,2026-03-07T10:51:11Z,LES,11,24,2
1342159357,2026-03-07T10:51:11Z,TUR,12,26,2
1342159357,2026-03-07T10:51:11Z,GAM,8,6,1
1342159357,2026-03-07T10:51:11Z,MYA,29,0,0
1342159357,2026-03-07T10:51:11Z,SLO,18,0,0
1342159357,2026-03-07T10:51:11Z,SEY,7,0,0
1342159357,2026-03-07T10:51:11Z,MLI,9,0,0
1342159357,2026-03-07T10:51:11Z,GRE,6,0,0
1342159357,2026-03-07T10:51:11Z,CRO,26,0,0
1342159357,2026-03-07T10:51:11Z,MGL,13,0,0
1342159357,2026-03-07T10:51:11Z,TLS,8,0,0
1344146474,2026-03-18T16:36:27Z,IND,85,23224,273
1344146474,2026-03-18T16:36:27Z,ENG,56,14522,259
1344146474,2026-03-18T16:36:27Z,AUS,49,12645,258
1344146474,2026-03-18T16:36:27Z,NZ,68,17009,250
1344146474,2026-03-18T16:36:27Z,SA,66,16131,244
1344146474,2026-03-18T16:36:27Z,PAK,84,20002,238
1344146474,2026-03-18T16:36:27Z,WIN,74,17424,235
1344146474,2026-03-18T16:36:27Z,SL,60,13593,227
1344146474,2026-03-18T16:36:27Z,BAN,67,14925,223
1344146474,2026-03-18T16:36:27Z,AFG,52,11504,221
1344146474,2026-03-18T16:36:27Z,ZIM,72,14539,202
1344146474,2026-03-18T16:36:27Z,IRE,45,9001,200
1344146474,2026-03-18T16:36:27Z,NED,39,7064,181
1344146474,2026-03-18T16:36:27Z,SCO,27,4836,179
1344146474,2026-03-18T16:36:27Z,NAM,39,6940,178
1344146474,2026-03-18T16:36:27Z,USA,37,6562,177
1344146474,2026-03-18T16:36:27Z,UAE,66,11584,176
1344146474,2026-03-18T16:36:27Z,NEP,46,8031,175
1344146474,2026-03-18T16:36:27Z,CAN,39,5928,152
1344146474,2026-03-18T16:36:27Z,OMA,51,7707,151
1344146474,2026-03-18T16:36:27Z,UGA,56,7952,142
1344146474,2026-03-18T16:36:27Z,PNG,20,2718,136
1344146474,2026-03-18T16:36:27Z,KUW,45,5775,128
1344146474,2026-03-18T16:36:27Z,HK,55,7037,128
1344146474,2026-03-18T16:36:27Z,MAS,62,7685,124
1344146474,2026-03-18T16:36:27Z,ITA,22,2680,122
1344146474,2026-03-18T16:36:27Z,QAT,46,5407,118
1344146474,2026-03-18T16:36:27Z,JER,24,2819,117
1344146474,2026-03-18T16:36:27Z,BHR,84,9856,117
1344146474,2026-03-18T16:36:27Z,ESP,22,2478,113
1344146474,2026-03-18T16:36:27Z,BER,27,3040,113
1344146474,2026-03-18T16:36:27Z,SAU,39,4245,109
1344146474,2026-03-18T16:36:27Z,KEN,48,5074,106
1344146474,2026-03-18T16:36:27Z,TAN,41,4082,100
1344146474,2026-03-18T16:36:27Z,GER,22,1924,87
1344146474,2026-03-18T16:36:27Z,NGA,53,4166,79
1344146474,2026-03-18T16:36:27Z,CAY,32,2464,77
1344146474,2026-03-18T16:36:27Z,GUE,27,2071,77
1344146474,2026-03-18T16:36:27Z,SIN,41,3075,75
1344146474,2026-03-18T16:36:27Z,DEN,18,1262,70
1344146474,2026-03-18T16:36:27Z,AUT,59,4123,70
1344146474,2026-03-18T16:36:27Z,NOR,30,2095,70
1344146474,2026-03-18T16:36:27Z,JPN,42,2905,69
1344146474,2026-03-18T16:36:27Z,POR,20,1333,67
1344146474,2026-03-18T16:36:27Z,BEL,36,2059,57
1344146474,2026-03-18T16:36:27Z,ARG,21,1049,50
1344146474,2026-03-18T16:36:27Z,SUI,22,1086,49
1344146474,2026-03-18T16:36:27Z,FIN,23,1130,49
1344146474,2026-03-18T16:36:27Z,BOT,38,1834,48
1344146474,2026-03-18T16:36:27Z,SWE,22,1048,48
1344146474,2026-03-18T16:36:27Z,MWI,43,2019,47
1344146474,2026-03-18T16:36:27Z,IOM,13,604,46
1344146474,2026-03-18T16:36:27Z,FRA,24,1109,46
1344146474,2026-03-18T16:36:27Z,ROM,34,1544,45
1344146474,2026-03-18T16:36:27Z,PHI,26,1158,45
1344146474,2026-03-18T16:36:27Z,BAH,23,972,42
1344146474,2026-03-18T16:36:27Z,CZE,22,911,41
1344146474,2026-03-18T16:36:27Z,THA,45,1811,40
1344146474,2026-03-18T16:36:27Z,COK,14,552,39
1344146474,2026-03-18T16:36:27Z,CAM,32,1246,39
1344146474,2026-03-18T16:36:27Z,RWA,74,2874,39
1344146474,2026-03-18T16:36:27Z,IDN,79,3044,39
1344146474,2026-03-18T16:36:27Z,CYP,26,930,36
1344146474,2026-03-18T16:36:27Z,FIJ,11,387,35
1344146474,2026-03-18T16:36:27Z,VAN,16,561,35
1344146474,2026-03-18T16:36:27Z,GHA,19,570,30
1344146474,2026-03-18T16:36:27Z,HUN,33,971,29
1344146474,2026-03-18T16:36:27Z,SAM,23,672,29
1344146474,2026-03-18T16:36:27Z,ZAM,10,290,29
1344146474,2026-03-18T16:36:27Z,EST,24,665,28
1344146474,2026-03-18T16:36:27Z,MLT,41,1085,26
1344146474,2026-03-18T16:36:27Z,MOZ,20,518,26
1344146474,2026-03-18T16:36:27Z,ESW,19,491,26
1344146474,2026-03-18T16:36:27Z,ISR,7,178,25
1344146474,2026-03-18T16:36:27Z,PAN,15,318,21
1344146474,2026-03-18T16:36:27Z,BHU,35,728,21
1344146474,2026-03-18T16:36:27Z,BLZ,8,164,21
1344146474,2026-03-18T16:36:27Z,GIB,26,494,19
1344146474,2026-03-18T16:36:27Z,LUX,24,432,18
1344146474,2026-03-18T16:36:27Z,SLE,27,477,18
1344146474,2026-03-18T16:36:27Z,CRC,13,218,17
1344146474,2026-03-18T16:36:27Z,MEX,24,323,13
1344146474,2026-03-18T16:36:27Z,SRB,30,315,11
1344146474,2026-03-18T16:36:27Z,MDV,21,214,10
1344146474,2026-03-18T16:36:27Z,SUR,14,141,10
1344146474,2026-03-18T16:36:27Z,CMR,11,86,8
1344146474,2026-03-18T16:36:27Z,BRA,12,90,8
1344146474,2026-03-18T16:36:27Z,BUL,29,191,7
1344146474,2026-03-18T16:36:27Z,KOR,16,94,6
1344146474,2026-03-18T16:36:27Z,SHL,8,44,6
1344146474,2026-03-18T16:36:27Z,CHN,6,29,5
1344146474,2026-03-18T16:36:27Z,TUR,12,26,2
1344146474,2026-03-18T16:36:27Z,GAM,8,6,1
1344146474,2026-03-18T16:36:27Z,TLS,8,0,0
1344146474,2026-03-18T16:36:27Z,MGL,13,0,0
1344146474,2026-03-18T16:36:27Z,SLO,18,0,0
1344146474,2026-03-18T16:36:27Z,SEY,7,0,0
1344146474,2026-03-18T16:36:27Z,MYA,29,0,0
1344146474,2026-03-18T16:36:27Z,MLI,9,0,0
1344146474,2026-03-18T16:36:27Z,LES,16,0,0
1344146474,2026-03-18T16:36:27Z,GRE,6,0,0
1344146474,2026-03-18T16:36:27Z,CRO,26,0,0
1346263136,2026-03-30T21:57:54Z,IND,85,23224,273
1346263136,2026-03-30T21:57:54Z,ENG,56,14522,259
1346263136,2026-03-30T21:57:54Z,AUS,49,12645,258
1346263136,2026-03-30T21:57:54Z,NZ,71,17692,249
1346263136,2026-03-30T21:57:54Z,SA,69,16932,245
1346263136,2026-03-30T21:57:54Z,PAK,84,20002,238
1346263136,2026-03-30T21:57:54Z,WIN,74,17424,235
1346263136,2026-03-30T21:57:54Z,SL,60,13593,227
1346263136,2026-03-30T21:57:54Z,BAN,67,14925,223
1346263136,2026-03-30T21:57:54Z,AFG,52,11504,221
1346263136,2026-03-30T21:57:54Z,ZIM,72,14539,202
1346263136,2026-03-30T21:57:54Z,IRE,45,9001,200
1346263136,2026-03-30T21:57:54Z,NED,39,7064,181
1346263136,2026-03-30T21:57:54Z,SCO,27,4836,179
1346263136,2026-03-30T21:57:54Z,NAM,39,6940,178
1346263136,2026-03-30T21:57:54Z,USA,37,6562,177
1346263136,2026-03-30T21:57:54Z,UAE,66,11584,176
1346263136,2026-03-30T21:57:54Z,NEP,46,8031,175
1346263136,2026-03-30T21:57:54Z,CAN,39,5928,152
1346263136,2026-03-30T21:57:54Z,OMA,51,7707,151
1346263136,2026-03-30T21:57:54Z,UGA,56,7952,142
1346263136,2026-03-30T21:57:54Z,PNG,20,2718,136
1346263136,2026-03-30T21:57:54Z,KUW,45,5775,128
1346263136,2026-03-30T21:57:54Z,HK,55,7037,128
1346263136,2026-03-30T21:57:54Z,MAS,62,7685,124
1346263136,2026-03-30T21:57:54Z,ITA,22,2680,122
1346263136,2026-03-30T21:57:54Z,QAT,46,5407,118
1346263136,2026-03-30T21:57:54Z,JER,24,2819,117
1346263136,2026-03-30T21:57:54Z,BHR,84,9856,117
1346263136,2026-03-30T21:57:54Z,ESP,22,2478,113
1346263136,2026-03-30T21:57:54Z,BER,27,3040,113
1346263136,2026-03-30T21:57:54Z,SAU,39,4245,109
1346263136,2026-03-30T21:57:54Z,KEN,48,5074,106
1346263136,2026-03-30T21:57:54Z,TAN,45,4522,100
1346263136,2026-03-30T21:57:54Z,GER,22,1924,87
1346263136,2026-03-30T21:57:54Z,NGA,53,4166,79
1346263136,2026-03-30T21:57:54Z,CAY,32,2464,77
1346263136,2026-03-30T21:57:54Z,GUE,27,2071,77
1346263136,2026-03-30T21:57:54Z,SIN,41,3075,75
1346263136,2026-03-30T21:57:54Z,DEN,18,1262,70
1346263136,2026-03-30T21:57:54Z,AUT,59,4123,70
1346263136,2026-03-30T21:57:54Z,NOR,30,2095,70
1346263136,2026-03-30T21:57:54Z,JPN,42,2905,69
1346263136,2026-03-30T21:57:54Z,POR,20,1333,67
1346263136,2026-03-30T21:57:54Z,BEL,36,2059,57
1346263136,2026-03-30T21:57:54Z,ARG,21,1049,50
1346263136,2026-03-30T21:57:54Z,SUI,22,1086,49
1346263136,2026-03-30T21:57:54Z,FIN,23,1130,49
1346263136,2026-03-30T21:57:54Z,BOT,38,1834,48
1346263136,2026-03-30T21:57:54Z,SWE,22,1048,48
1346263136,2026-03-30T21:57:54Z,IOM,13,604,46
1346263136,2026-03-30T21:57:54Z,FRA,24,1109,46
1346263136,2026-03-30T21:57:54Z,MWI,47,2170,46
1346263136,2026-03-30T21:57:54Z,ROM,34,1544,45
1346263136,2026-03-30T21:57:54Z,PHI,26,1158,45
1346263136,2026-03-30T21:57:54Z,BAH,23,972,42
1346263136,2026-03-30T21:57:54Z,CZE,22,911,41
1346263136,2026-03-30T21:57:54Z,THA,45,1811,40
1346263136,2026-03-30T21:57:54Z,COK,14,552,39
1346263136,2026-03-30T21:57:54Z,CAM,32,1246,39
1346263136,2026-03-30T21:57:54Z,RWA,74,2874,39
1346263136,2026-03-30T21:57:54Z,IDN,79,3044,39
1346263136,2026-03-30T21:57:54Z,GHA,23,842,37
1346263136,2026-03-30T21:57:54Z,CYP,26,930,36
1346263136,2026-03-30T21:57:54Z,FIJ,11,387,35
1346263136,2026-03-30T21:57:54Z,VAN,16,561,35
1346263136,2026-03-30T21:57:54Z,HUN,33,971,29
1346263136,2026-03-30T21:57:54Z,SAM,23,672,29
1346263136,2026-03-30T21:57:54Z,ZAM,10,290,29
1346263136,2026-03-30T21:57:54Z,EST,24,665,28
1346263136,2026-03-30T21:57:54Z,MLT,41,1085,26
1346263136,2026-03-30T21:57:54Z,MOZ,20,518,26
1346263136,2026-03-30T21:57:54Z,ISR,7,178,25
1346263136,2026-03-30T21:57:54Z,ESW,23,544,24
1346263136,2026-03-30T21:57:54Z,PAN,15,318,21
1346263136,2026-03-30T21:57:54Z,BHU,35,728,21
1346263136,2026-03-30T21:57:54Z,BLZ,8,164,21
1346263136,2026-03-30T21:57:54Z,GIB,26,494,19
1346263136,2026-03-30T21:57:54Z,LUX,24,432,18
1346263136,2026-03-30T21:57:54Z,SLE,27,477,18
1346263136,2026-03-30T21:57:54Z,CRC,13,218,17
1346263136,2026-03-30T21:57:54Z,MEX,24,323,13
1346263136,2026-03-30T21:57:54Z,SRB,30,315,11
1346263136,2026-03-30T21:57:54Z,MDV,21,214,10
1346263136,2026-03-30T21:57:54Z,SUR,14,141,10
1346263136,2026-03-30T21:57:54Z,CMR,11,86,8
1346263136,2026-03-30T21:57:54Z,BRA,12,90,8
1346263136,2026-03-30T21:57:54Z,BUL,29,191,7
1346263136,2026-03-30T21:57:54Z,KOR,16,94,6
1346263136,2026-03-30T21:57:54Z,CHN,6,29,5
1346263136,2026-03-30T21:57:54Z,SEY,11,43,4
1346263136,2026-03-30T21:57:54Z,TUR,12,26,2
1346263136,2026-03-30T21:57:54Z,GAM,8,6,1
1346263136,2026-03-30T21:57:54Z,TLS,8,0,0
1346263136,2026-03-30T21:57:54Z,MGL,13,0,0
1346263136,2026-03-30T21:57:54Z,SHL,12,0,0
1346263136,2026-03-30T21:57:54Z,SLO,18,0,0
1346263136,2026-03-30T21:57:54Z,MYA,29,0,0
1346263136,2026-03-30T21:57:54Z,MLI,9,0,0
1346263136,2026-03-30T21:57:54Z,LES,16,0,0
1346263136,2026-03-30T21:57:54Z,GRE,6,0,0
1346263136,2026-03-30T21:57:54Z,CRO,26,0,0
1348377618,2026-04-12T09:40:06Z,IND,85,23224,273
1348377618,2026-04-12T09:40:06Z,ENG,56,14522,259
1348377618,2026-04-12T09:40:06Z,AUS,49,12645,258
1348377618,2026-04-12T09:40:06Z,NZ,71,17692,249
1348377618,2026-04-12T09:40:06Z,SA,69,16932,245
1348377618,2026-04-12T09:40:06Z,PAK,84,20002,238
1348377618,2026-04-12T09:40:06Z,WIN,74,17424,235
1348377618,2026-04-12T09:40:06Z,SL,60,13593,227
1348377618,2026-04-12T09:40:06Z,BAN,67,14925,223
1348377618,2026-04-12T09:40:06Z,AFG,52,11504,221
1348377618,2026-04-12T09:40:06Z,ZIM,72,14539,202
1348377618,2026-04-12T09:40:06Z,IRE,45,9001,200
1348377618,2026-04-12T09:40:06Z,NED,39,7064,181
1348377618,2026-04-12T09:40:06Z,SCO,27,4836,179
1348377618,2026-04-12T09:40:06Z,NAM,39,6940,178
1348377618,2026-04-12T09:40:06Z,USA,37,6562,177
1348377618,2026-04-12T09:40:06Z,UAE,66,11584,176
1348377618,2026-04-12T09:40:06Z,NEP,46,8031,175
1348377618,2026-04-12T09:40:06Z,CAN,39,5928,152
1348377618,2026-04-12T09:40:06Z,OMA,51,7707,151
1348377618,2026-04-12T09:40:06Z,UGA,56,7952,142
1348377618,2026-04-12T09:40:06Z,PNG,20,2718,136
1348377618,2026-04-12T09:40:06Z,KUW,45,5775,128
1348377618,2026-04-12T09:40:06Z,HK,55,7037,128
1348377618,2026-04-12T09:40:06Z,MAS,62,7685,124
1348377618,2026-04-12T09:40:06Z,ITA,22,2680,122
1348377618,2026-04-12T09:40:06Z,QAT,46,5407,118
1348377618,2026-04-12T09:40:06Z,JER,24,2819,117
1348377618,2026-04-12T09:40:06Z,BHR,84,9856,117
1348377618,2026-04-12T09:40:06Z,ESP,22,2478,113
1348377618,2026-04-12T09:40:06Z,BER,27,3040,113
1348377618,2026-04-12T09:40:06Z,SAU,39,4245,109
1348377618,2026-04-12T09:40:06Z,KEN,48,5074,106
1348377618,2026-04-12T09:40:06Z,TAN,45,4522,100
1348377618,2026-04-12T09:40:06Z,GER,22,1924,87
1348377618,2026-04-12T09:40:06Z,NGA,53,4166,79
1348377618,2026-04-12T09:40:06Z,CAY,32,2464,77
1348377618,2026-04-12T09:40:06Z,GUE,27,2071,77
1348377618,2026-04-12T09:40:06Z,SIN,41,3075,75
1348377618,2026-04-12T09:40:06Z,POR,26,1857,71
1348377618,2026-04-12T09:40:06Z,DEN,18,1262,70
1348377618,2026-04-12T09:40:06Z,AUT,59,4123,70
1348377618,2026-04-12T09:40:06Z,JPN,42,2905,69
1348377618,2026-04-12T09:40:06Z,NOR,35,2218,63
1348377618,2026-04-12T09:40:06Z,BEL,36,2059,57
1348377618,2026-04-12T09:40:06Z,SWE,28,1573,56
1348377618,2026-04-12T09:40:06Z,ARG,21,1049,50
1348377618,2026-04-12T09:40:06Z,FRA,31,1541,50
1348377618,2026-04-12T09:40:06Z,SUI,22,1086,49
1348377618,2026-04-12T09:40:06Z,FIN,23,1130,49
1348377618,2026-04-12T09:40:06Z,BOT,38,1834,48
1348377618,2026-04-12T09:40:06Z,IOM,13,604,46
1348377618,2026-04-12T09:40:06Z,MWI,47,2170,46
1348377618,2026-04-12T09:40:06Z,ROM,34,1544,45
1348377618,2026-04-12T09:40:06Z,PHI,26,1158,45
1348377618,2026-04-12T09:40:06Z,BAH,23,972,42
1348377618,2026-04-12T09:40:06Z,CZE,22,911,41
1348377618,2026-04-12T09:40:06Z,THA,45,1811,40
1348377618,2026-04-12T09:40:06Z,COK,14,552,39
1348377618,2026-04-12T09:40:06Z,CAM,32,1246,39
1348377618,2026-04-12T09:40:06Z,RWA,74,2874,39
1348377618,2026-04-12T09:40:06Z,GHA,23,842,37
1348377618,2026-04-12T09:40:06Z,IDN,85,3054,36
1348377618,2026-04-12T09:40:06Z,CYP,26,930,36
1348377618,2026-04-12T09:40:06Z,FIJ,11,387,35
1348377618,2026-04-12T09:40:06Z,VAN,16,561,35
1348377618,2026-04-12T09:40:06Z,HUN,33,971,29
1348377618,2026-04-12T09:40:06Z,SAM,23,672,29
1348377618,2026-04-12T09:40:06Z,ZAM,10,290,29
1348377618,2026-04-12T09:40:06Z,EST,24,665,28
1348377618,2026-04-12T09:40:06Z,MLT,41,1085,26
1348377618,2026-04-12T09:40:06Z,MOZ,20,518,26
1348377618,2026-04-12T09:40:06Z,ISR,7,178,25
1348377618,2026-04-12T09:40:06Z,ESW,23,544,24
1348377618,2026-04-12T09:40:06Z,PAN,15,318,21
1348377618,2026-04-12T09:40:06Z,BHU,35,728,21
1348377618,2026-04-12T09:40:06Z,BLZ,8,164,21
1348377618,2026-04-12T09:40:06Z,GIB,26,494,19
1348377618,2026-04-12T09:40:06Z,LUX,24,432,18
1348377618,2026-04-12T09:40:06Z,MEX,29,521,18
1348377618,2026-04-12T09:40:06Z,SLE,27,477,18
1348377618,2026-04-12T09:40:06Z,BRA,17,212,12
1348377618,2026-04-12T09:40:06Z,SRB,30,315,11
1348377618,2026-04-12T09:40:06Z,MDV,21,214,10
1348377618,2026-04-12T09:40:06Z,SUR,14,141,10
1348377618,2026-04-12T09:40:06Z,CMR,11,86,8
1348377618,2026-04-12T09:40:06Z,BUL,29,191,7
1348377618,2026-04-12T09:40:06Z,KOR,16,94,6
1348377618,2026-04-12T09:40:06Z,CHN,6,29,5
1348377618,2026-04-12T09:40:06Z,SEY,11,43,4
1348377618,2026-04-12T09:40:06Z,CRC,17,62,4
1348377618,2026-04-12T09:40:06Z,TUR,12,26,2
1348377618,2026-04-12T09:40:06Z,GAM,8,6,1
1348377618,2026-04-12T09:40:06Z,TLS,8,0,0
1348377618,2026-04-12T09:40:06Z,MGL,13,0,0
1348377618,2026-04-12T09:40:06Z,SHL,12,0,0
1348377618,2026-04-12T09:40:06Z,SLO,18,0,0
1348377618,2026-04-12T09:40:06Z,MYA,29,0,0
1348377618,2026-04-12T09:40:06Z,MLI,9,0,0
1348377618,2026-04-12T09:40:06Z,LES,16,0,0
1348377618,2026-04-12T09:40:06Z,GRE,6,0,0
1348377618,2026-04-12T09:40:06Z,CRO,26,0,0
1350725171,2026-04-23T16:33:14Z,IND,85,23224,273
1350725171,2026-04-23T16:33:14Z,ENG,56,14522,259
1350725171,2026-04-23T16:33:14Z,AUS,49,12645,258
1350725171,2026-04-23T16:33:14Z,NZ,71,17692,249
1350725171,2026-04-23T16:33:14Z,SA,69,16932,245
1350725171,2026-04-23T16:33:14Z,PAK,84,20002,238
1350725171,2026-04-23T16:33:14Z,WIN,74,17424,235
1350725171,2026-04-23T16:33:14Z,SL,60,13593,227
1350725171,2026-04-23T16:33:14Z,BAN,67,14925,223
1350725171,2026-04-23T16:33:14Z,AFG,52,11504,221
1350725171,2026-04-23T16:33:14Z,ZIM,72,14539,202
1350725171,2026-04-23T16:33:14Z,IRE,45,9001,200
1350725171,2026-04-23T16:33:14Z,NED,39,7064,181
1350725171,2026-04-23T16:33:14Z,SCO,28,5064,181
1350725171,2026-04-23T16:33:14Z,USA,37,6562,177
1350725171,2026-04-23T16:33:14Z,NAM,40,7069,177
1350725171,2026-04-23T16:33:14Z,UAE,68,11933,175
1350725171,2026-04-23T16:33:14Z,NEP,48,8383,175
1350725171,2026-04-23T16:33:14Z,CAN,39,5928,152
1350725171,2026-04-23T16:33:14Z,OMA,51,7707,151
1350725171,2026-04-23T16:33:14Z,UGA,56,7952,142
1350725171,2026-04-23T16:33:14Z,PNG,20,2718,136
1350725171,2026-04-23T16:33:14Z,KUW,45,5775,128
1350725171,2026-04-23T16:33:14Z,HK,55,7037,128
1350725171,2026-04-23T16:33:14Z,MAS,62,7685,124
1350725171,2026-04-23T16:33:14Z,ITA,22,2680,122
1350725171,2026-04-23T16:33:14Z,QAT,46,5407,118
1350725171,2026-04-23T16:33:14Z,JER,24,2819,117
1350725171,2026-04-23T16:33:14Z,BHR,84,9856,117
1350725171,2026-04-23T16:33:14Z,ESP,22,2478,113
1350725171,2026-04-23T16:33:14Z,BER,27,3040,113
1350725171,2026-04-23T16:33:14Z,SAU,39,4245,109
1350725171,2026-04-23T16:33:14Z,KEN,48,5074,106
1350725171,2026-04-23T16:33:14Z,TAN,45,4522,100
1350725171,2026-04-23T16:33:14Z,GER,22,1924,87
1350725171,2026-04-23T16:33:14Z,NGA,53,4166,79
1350725171,2026-04-23T16:33:14Z,CAY,32,2464,77
1350725171,2026-04-23T16:33:14Z,GUE,27,2071,77
1350725171,2026-04-23T16:33:14Z,SIN,41,3075,75
1350725171,2026-04-23T16:33:14Z,POR,26,1857,71
1350725171,2026-04-23T16:33:14Z,DEN,18,1262,70
1350725171,2026-04-23T16:33:14Z,AUT,59,4123,70
1350725171,2026-04-23T16:33:14Z,JPN,42,2905,69
1350725171,2026-04-23T16:33:14Z,NOR,35,2218,63
1350725171,2026-04-23T16:33:14Z,BEL,36,2059,57
1350725171,2026-04-23T16:33:14Z,SWE,30,1646,55
1350725171,2026-04-23T16:33:14Z,ARG,21,1049,50
1350725171,2026-04-23T16:33:14Z,FRA,31,1541,50
1350725171,2026-04-23T16:33:14Z,SUI,22,1086,49
1350725171,2026-04-23T16:33:14Z,FIN,23,1130,49
1350725171,2026-04-23T16:33:14Z,BOT,38,1834,48
1350725171,2026-04-23T16:33:14Z,IOM,13,604,46
1350725171,2026-04-23T16:33:14Z,MWI,47,2170,46
1350725171,2026-04-23T16:33:14Z,ROM,34,1544,45
1350725171,2026-04-23T16:33:14Z,PHI,26,1158,45
1350725171,2026-04-23T16:33:14Z,BAH,23,972,42
1350725171,2026-04-23T16:33:14Z,CZE,22,911,41
1350725171,2026-04-23T16:33:14Z,THA,45,1811,40
1350725171,2026-04-23T16:33:14Z,COK,14,552,39
1350725171,2026-04-23T16:33:14Z,CAM,32,1246,39
1350725171,2026-04-23T16:33:14Z,RWA,74,2874,39
1350725171,2026-04-23T16:33:14Z,GHA,23,842,37
1350725171,2026-04-23T16:33:14Z,IDN,87,3164,36
1350725171,2026-04-23T16:33:14Z,CYP,26,930,36
1350725171,2026-04-23T16:33:14Z,FIJ,11,387,35
1350725171,2026-04-23T16:33:14Z,VAN,16,561,35
1350725171,2026-04-23T16:33:14Z,HUN,33,971,29
1350725171,2026-04-23T16:33:14Z,SAM,23,672,29
1350725171,2026-04-23T16:33:14Z,ZAM,10,290,29
1350725171,2026-04-23T16:33:14Z,EST,24,665,28
1350725171,2026-04-23T16:33:14Z,MLT,41,1085,26
1350725171,2026-04-23T16:33:14Z,MOZ,20,518,26
1350725171,2026-04-23T16:33:14Z,ISR,7,178,25
1350725171,2026-04-23T16:33:14Z,ESW,23,544,24
1350725171,2026-04-23T16:33:14Z,PAN,15,318,21
1350725171,2026-04-23T16:33:14Z,BHU,35,728,21
1350725171,2026-04-23T16:33:14Z,BLZ,8,164,21
1350725171,2026-04-23T16:33:14Z,GIB,26,494,19
1350725171,2026-04-23T16:33:14Z,LUX,24,432,18
1350725171,2026-04-23T16:33:14Z,MEX,29,521,18
1350725171,2026-04-23T16:33:14Z,SLE,27,477,18
1350725171,2026-04-23T16:33:14Z,BRA,17,212,12
1350725171,2026-04-23T16:33:14Z,SRB,30,315,11
1350725171,2026-04-23T16:33:14Z,MDV,21,214,10
1350725171,2026-04-23T16:33:14Z,SUR,14,141,10
1350725171,2026-04-23T16:33:14Z,CMR,11,86,8
1350725171,2026-04-23T16:33:14Z,BUL,29,191,7
1350725171,2026-04-23T16:33:14Z,KOR,16,94,6
1350725171,2026-04-23T16:33:14Z,CHN,6,29,5
1350725171,2026-04-23T16:33:14Z,SEY,11,43,4
1350725171,2026-04-23T16:33:14Z,CRC,17,62,4
1350725171,2026-04-23T16:33:14Z,TUR,12,26,2
1350725171,2026-04-23T16:33:14Z,GAM,8,6,1
1350725171,2026-04-23T16:33:14Z,TLS,8,0,0
1350725171,2026-04-23T16:33:14Z,MGL,13,0,0
1350725171,2026-04-23T16:33:14Z,SHL,12,0,0
1350725171,2026-04-23T16:33:14Z,SLO,18,0,0
1350725171,2026-04-23T16:33:14Z,MYA,29,0,0
1350725171,2026-04-23T16:33:14Z,MLI,9,0,0
1350725171,2026-04-23T16:33:14Z,LES,16,0,0
1350725171,2026-04-23T16:33:14Z,GRE,6,0,0
1350725171,2026-04-23T16:33:14Z,CRO,26,0,0
1352441693,2026-05-04T05:31:02Z,IND,85,23224,273
1352441693,2026-05-04T05:31:02Z,ENG,56,14522,259
1352441693,2026-05-04T05:31:02Z,AUS,49,12645,258
1352441693,2026-05-04T05:31:02Z,NZ,73,18139,248
1352441693,2026-05-04T05:31:02Z,SA,69,16932,245
1352441693,2026-05-04T05:31:02Z,PAK,84,20002,238
1352441693,2026-05-04T05:31:02Z,WIN,74,17424,235
1352441693,2026-05-04T05:31:02Z,SL,60,13593,227
1352441693,2026-05-04T05:31:02Z,BAN,69,15422,224
1352441693,2026-05-04T05:31:02Z,AFG,52,11504,221
1352441693,2026-05-04T05:31:02Z,ZIM,72,14539,202
1352441693,2026-05-04T05:31:02Z,IRE,45,9001,200
1352441693,2026-05-04T05:31:02Z,NED,39,7064,181
1352441693,2026-05-04T05:31:02Z,SCO,28,5064,181
1352441693,2026-05-04T05:31:02Z,USA,37,6562,177
1352441693,2026-05-04T05:31:02Z,NAM,40,7069,177
1352441693,2026-05-04T05:31:02Z,UAE,68,11933,175
1352441693,2026-05-04T05:31:02Z,NEP,48,8383,175
1352441693,2026-05-04T05:31:02Z,CAN,39,5928,152
1352441693,2026-05-04T05:31:02Z,OMA,51,7707,151
1352441693,2026-05-04T05:31:02Z,UGA,56,7952,142
1352441693,2026-05-04T05:31:02Z,PNG,20,2718,136
1352441693,2026-05-04T05:31:02Z,KUW,45,5775,128
1352441693,2026-05-04T05:31:02Z,HK,55,7037,128
1352441693,2026-05-04T05:31:02Z,MAS,65,8087,124
1352441693,2026-05-04T05:31:02Z,ITA,22,2680,122
1352441693,2026-05-04T05:31:02Z,QAT,46,5407,118
1352441693,2026-05-04T05:31:02Z,JER,24,2819,117
1352441693,2026-05-04T05:31:02Z,BHR,84,9856,117
1352441693,2026-05-04T05:31:02Z,ESP,22,2478,113
1352441693,2026-05-04T05:31:02Z,BER,27,3040,113
1352441693,2026-05-04T05:31:02Z,SAU,39,4245,109
1352441693,2026-05-04T05:31:02Z,KEN,48,5074,106
1352441693,2026-05-04T05:31:02Z,TAN,45,4522,100
1352441693,2026-05-04T05:31:02Z,GER,27,2421,90
1352441693,2026-05-04T05:31:02Z,NGA,53,4166,79
1352441693,2026-05-04T05:31:02Z,GUE,29,2262,78
1352441693,2026-05-04T05:31:02Z,CAY,32,2464,77
1352441693,2026-05-04T05:31:02Z,SIN,41,3075,75
1352441693,2026-05-04T05:31:02Z,POR,26,1857,71
1352441693,2026-05-04T05:31:02Z,DEN,18,1262,70
1352441693,2026-05-04T05:31:02Z,JPN,42,2905,69
1352441693,2026-05-04T05:31:02Z,AUT,64,4415,69
1352441693,2026-05-04T05:31:02Z,NOR,35,2218,63
1352441693,2026-05-04T05:31:02Z,BEL,36,2059,57
1352441693,2026-05-04T05:31:02Z,SWE,30,1646,55
1352441693,2026-05-04T05:31:02Z,ARG,21,1049,50
1352441693,2026-05-04T05:31:02Z,FRA,31,1541,50
1352441693,2026-05-04T05:31:02Z,SUI,22,1086,49
1352441693,2026-05-04T05:31:02Z,FIN,23,1130,49
1352441693,2026-05-04T05:31:02Z,BOT,38,1834,48
1352441693,2026-05-04T05:31:02Z,MWI,47,2170,46
1352441693,2026-05-04T05:31:02Z,ROM,34,1544,45
1352441693,2026-05-04T05:31:02Z,PHI,26,1158,45
1352441693,2026-05-04T05:31:02Z,IOM,15,658,44
1352441693,2026-05-04T05:31:02Z,BAH,23,972,42
1352441693,2026-05-04T05:31:02Z,CZE,22,911,41
1352441693,2026-05-04T05:31:02Z,THA,45,1811,40
1352441693,2026-05-04T05:31:02Z,COK,14,552,39
1352441693,2026-05-04T05:31:02Z,CAM,32,1246,39
1352441693,2026-05-04T05:31:02Z,RWA,74,2874,39
1352441693,2026-05-04T05:31:02Z,GHA,23,842,37
1352441693,2026-05-04T05:31:02Z,IDN,90,3242,36
1352441693,2026-05-04T05:31:02Z,CYP,26,930,36
1352441693,2026-05-04T05:31:02Z,FIJ,11,387,35
1352441693,2026-05-04T05:31:02Z,VAN,16,561,35
1352441693,2026-05-04T05:31:02Z,HUN,33,971,29
1352441693,2026-05-04T05:31:02Z,SAM,23,672,29
1352441693,2026-05-04T05:31:02Z,ZAM,10,290,29
1352441693,2026-05-04T05:31:02Z,EST,24,665,28
1352441693,2026-05-04T05:31:02Z,MLT,41,1085,26
1352441693,2026-05-04T05:31:02Z,MOZ,20,518,26
1352441693,2026-05-04T05:31:02Z,ISR,7,178,25
1352441693,2026-05-04T05:31:02Z,ESW,23,544,24
1352441693,2026-05-04T05:31:02Z,PAN,15,318,21
1352441693,2026-05-04T05:31:02Z,BHU,35,728,21
1352441693,2026-05-04T05:31:02Z,BLZ,8,164,21
1352441693,2026-05-04T05:31:02Z,GIB,26,494,19
1352441693,2026-05-04T05:31:02Z,LUX,24,432,18
1352441693,2026-05-04T05:31:02Z,MEX,29,521,18
1352441693,2026-05-04T05:31:02Z,SLE,27,477,18
1352441693,2026-05-04T05:31:02Z,BRA,17,212,12
1352441693,2026-05-04T05:31:02Z,SRB,30,315,11
1352441693,2026-05-04T05:31:02Z,MDV,21,214,10
1352441693,2026-05-04T05:31:02Z,SUR,14,141,10
1352441693,2026-05-04T05:31:02Z,CMR,11,86,8
1352441693,2026-05-04T05:31:02Z,BUL,29,191,7
1352441693,2026-05-04T05:31:02Z,KOR,16,94,6
1352441693,2026-05-04T05:31:02Z,CHN,6,29,5
1352441693,2026-05-04T05:31:02Z,SEY,11,43,4
1352441693,2026-05-04T05:31:02Z,CRC,17,62,4
1352441693,2026-05-04T05:31:02Z,TUR,12,26,2
1352441693,2026-05-04T05:31:02Z,GAM,8,6,1
1352441693,2026-05-04T05:31:02Z,TLS,8,0,0
1352441693,2026-05-04T05:31:02Z,MGL,13,0,0
1352441693,2026-05-04T05:31:02Z,SHL,12,0,0
1352441693,2026-05-04T05:31:02Z,SLO,18,0,0
1352441693,2026-05-04T05:31:02Z,MYA,29,0,0
1352441693,2026-05-04T05:31:02Z,MLI,9,0,0
1352441693,2026-05-04T05:31:02Z,LES,16,0,0
1352441693,2026-05-04T05:31:02Z,GRE,6,0,0
1352441693,2026-05-04T05:31:02Z,CRO,26,0,0
1354249348,2026-05-15T06:08:17Z,IND,52,14306,275
1354249348,2026-05-15T06:08:17Z,ENG,34,8904,262
1354249348,2026-05-15T06:08:17Z,AUS,35,9044,258
1354249348,2026-05-15T06:08:17Z,NZ,50,12348,247
1354249348,2026-05-15T06:08:17Z,SA,48,11717,244
1354249348,2026-05-15T06:08:17Z,PAK,57,13679,240
1354249348,2026-05-15T06:08:17Z,WIN,53,12367,233
1354249348,2026-05-15T06:08:17Z,BAN,47,10576,225
1354249348,2026-05-15T06:08:17Z,SL,41,9053,221
1354249348,2026-05-15T06:08:17Z,AFG,36,7935,220
1354249348,2026-05-15T06:08:17Z,ZIM,48,9699,202
1354249348,2026-05-15T06:08:17Z,IRE,27,5361,199
1354249348,2026-05-15T06:08:17Z,USA,20,6650,183
1354249348,2026-05-15T06:08:17Z,NED,24,4311,180
1354249348,2026-05-15T06:08:17Z,SCO,23,4116,179
1354249348,2026-05-15T06:08:17Z,NAM,33,5863,178
1354249348,2026-05-15T06:08:17Z,NEP,39,6928,178
1354249348,2026-05-15T06:08:17Z,UAE,54,9408,174
1354249348,2026-05-15T06:08:17Z,OMA,38,6003,158
1354249348,2026-05-15T06:08:17Z,CAN,26,3864,149
1354249348,2026-05-15T06:08:17Z,UGA,38,5478,144
1354249348,2026-05-15T06:08:17Z,PNG,18,2540,141
1354249348,2026-05-15T06:08:17Z,ITA,15,1988,133
1354249348,2026-05-15T06:08:17Z,MAS,46,5798,126
1354249348,2026-05-15T06:08:17Z,HK,39,4888,125
1354249348,2026-05-15T06:08:17Z,ESP,11,1377,125
1354249348,2026-05-15T06:08:17Z,KUW,29,3585,124
1354249348,2026-05-15T06:08:17Z,QAT,36,4297,119
1354249348,2026-05-15T06:08:17Z,BHR,60,7120,119
1354249348,2026-05-15T06:08:17Z,JER,16,1845,115
1354249348,2026-05-15T06:08:17Z,BER,17,1924,113
1354249348,2026-05-15T06:08:17Z,SAU,26,2825,109
1354249348,2026-05-15T06:08:17Z,KEN,33,3443,104
1354249348,2026-05-15T06:08:17Z,TAN,30,2967,99
1354249348,2026-05-15T06:08:17Z,GER,20,1781,89
1354249348,2026-05-15T06:08:17Z,GUE,19,1544,81
1354249348,2026-05-15T06:08:17Z,CAY,24,1915,80
1354249348,2026-05-15T06:08:17Z,NGA,40,3128,78
1354249348,2026-05-15T06:08:17Z,POR,18,1374,76
1354249348,2026-05-15T06:08:17Z,JPN,35,2481,71
1354249348,2026-05-15T06:08:17Z,SIN,24,1686,70
1354249348,2026-05-15T06:08:17Z,AUT,49,3408,70
1354249348,2026-05-15T06:08:17Z,DEN,11,754,69
1354249348,2026-05-15T06:08:17Z,NOR,27,1641,61
1354249348,2026-05-15T06:08:17Z,SWE,24,1422,59
1354249348,2026-05-15T06:08:17Z,ARG,14,728,54
1354249348,2026-05-15T06:08:17Z,FIN,18,962,53
1354249348,2026-05-15T06:08:17Z,SUI,17,908,53
1354249348,2026-05-15T06:08:17Z,BEL,24,1257,52
1354249348,2026-05-15T06:08:17Z,BOT,26,1249,48
1354249348,2026-05-15T06:08:17Z,COK,12,570,48
1354249348,2026-05-15T06:08:17Z,ROM,28,1314,47
1354249348,2026-05-15T06:08:17Z,MWI,36,1667,46
1354249348,2026-05-15T06:08:17Z,FRA,24,1072,45
1354249348,2026-05-15T06:08:17Z,PHI,27,1178,44
1354249348,2026-05-15T06:08:17Z,SAM,19,811,43
1354249348,2026-05-15T06:08:17Z,CYP,22,915,42
1354249348,2026-05-15T06:08:17Z,GHA,15,605,40
1354249348,2026-05-15T06:08:17Z,THA,32,1287,40
1354249348,2026-05-15T06:08:17Z,RWA,51,2045,40
1354249348,2026-05-15T06:08:17Z,BAH,15,599,40
1354249348,2026-05-15T06:08:17Z,CAM,29,1109,38
1354249348,2026-05-15T06:08:17Z,IDN,78,2955,38
1354249348,2026-05-15T06:08:17Z,CZE,12,438,37
1354249348,2026-05-15T06:08:17Z,IOM,8,285,36
1354249348,2026-05-15T06:08:17Z,ESW,15,514,34
1354249348,2026-05-15T06:08:17Z,MLT,34,1126,33
1354249348,2026-05-15T06:08:17Z,HUN,23,700,30
1354249348,2026-05-15T06:08:17Z,VAN,13,380,29
1354249348,2026-05-15T06:08:17Z,ZAM,10,290,29
1354249348,2026-05-15T06:08:17Z,EST,16,409,26
1354249348,2026-05-15T06:08:17Z,MEX,22,454,21
1354249348,2026-05-15T06:08:17Z,BLZ,4,82,21
1354249348,2026-05-15T06:08:17Z,BHU,26,519,20
1354249348,2026-05-15T06:08:17Z,PAN,8,156,20
1354249348,2026-05-15T06:08:17Z,GIB,21,347,17
1354249348,2026-05-15T06:08:17Z,LUX,16,255,16
1354249348,2026-05-15T06:08:17Z,SRB,19,275,14
1354249348,2026-05-15T06:08:17Z,CMR,4,49,12
1354249348,2026-05-15T06:08:17Z,SLE,21,246,12
1354249348,2026-05-15T06:08:17Z,BRA,13,152,12
1354249348,2026-05-15T06:08:17Z,KOR,15,141,9
1354249348,2026-05-15T06:08:17Z,FIJ,7,63,9
1354249348,2026-05-15T06:08:17Z,MDV,13,112,9
1354249348,2026-05-15T06:08:17Z,BUL,20,165,8
1354249348,2026-05-15T06:08:17Z,SUR,10,82,8
1354249348,2026-05-15T06:08:17Z,SEY,7,46,7
1354249348,2026-05-15T06:08:17Z,MOZ,10,65,7
1354249348,2026-05-15T06:08:17Z,CHN,6,29,5
1354249348,2026-05-15T06:08:17Z,TUR,8,28,4
1354249348,2026-05-15T06:08:17Z,TLS,8,0,0
1354249348,2026-05-15T06:08:17Z,MGL,7,0,0
1354249348,2026-05-15T06:08:17Z,SHL,7,0,0
1354249348,2026-05-15T06:08:17Z,SLO,13,0,0
1354249348,2026-05-15T06:08:17Z,MYA,23,0,0
1354249348,2026-05-15T06:08:17Z,MLI,4,0,0
1354249348,2026-05-15T06:08:17Z,LES,10,0,0
1354249348,2026-05-15T06:08:17Z,CRO,19,0,0
1354249348,2026-05-15T06:08:17Z,CRC,12,0,0
1356289974,2026-05-26T21:49:39Z,IND,52,14306,275
1356289974,2026-05-26T21:49:39Z,ENG,34,8904,262
1356289974,2026-05-26T21:49:39Z,AUS,35,9044,258
1356289974,2026-05-26T21:49:39Z,NZ,50,12348,247
1356289974,2026-05-26T21:49:39Z,SA,48,11717,244
1356289974,2026-05-26T21:49:39Z,PAK,57,13679,240
1356289974,2026-05-26T21:49:39Z,WIN,53,12367,233
1356289974,2026-05-26T21:49:39Z,BAN,47,10576,225
1356289974,2026-05-26T21:49:39Z,SL,41,9053,221
1356289974,2026-05-26T21:49:39Z,AFG,36,7935,220
1356289974,2026-05-26T21:49:39Z,ZIM,48,9699,202
1356289974,2026-05-26T21:49:39Z,IRE,27,5361,199
1356289974,2026-05-26T21:49:39Z,USA,20,6650,183
1356289974,2026-05-26T21:49:39Z,NED,24,4311,180
1356289974,2026-05-26T21:49:39Z,SCO,23,4116,179
1356289974,2026-05-26T21:49:39Z,NAM,33,5863,178
1356289974,2026-05-26T21:49:39Z,NEP,39,6928,178
1356289974,2026-05-26T21:49:39Z,UAE,54,9408,174
1356289974,2026-05-26T21:49:39Z,OMA,38,6003,158
1356289974,2026-05-26T21:49:39Z,CAN,26,3864,149
1356289974,2026-05-26T21:49:39Z,UGA,38,5478,144
1356289974,2026-05-26T21:49:39Z,PNG,20,2743,137
1356289974,2026-05-26T21:49:39Z,ITA,15,1988,133
1356289974,2026-05-26T21:49:39Z,MAS,46,5798,126
1356289974,2026-05-26T21:49:39Z,HK,39,4888,125
1356289974,2026-05-26T21:49:39Z,ESP,11,1377,125
1356289974,2026-05-26T21:49:39Z,KUW,29,3585,124
1356289974,2026-05-26T21:49:39Z,QAT,36,4297,119
1356289974,2026-05-26T21:49:39Z,BHR,60,7120,119
1356289974,2026-05-26T21:49:39Z,JER,21,2484,118
1356289974,2026-05-26T21:49:39Z,BER,17,1924,113
1356289974,2026-05-26T21:49:39Z,SAU,26,2825,109
1356289974,2026-05-26T21:49:39Z,KEN,36,3684,102
1356289974,2026-05-26T21:49:39Z,TAN,30,2967,99
1356289974,2026-05-26T21:49:39Z,GER,20,1781,89
1356289974,2026-05-26T21:49:39Z,GUE,24,2028,85
1356289974,2026-05-26T21:49:39Z,CAY,24,1915,80
1356289974,2026-05-26T21:49:39Z,NGA,40,3128,78
1356289974,2026-05-26T21:49:39Z,POR,18,1374,76
1356289974,2026-05-26T21:49:39Z,JPN,37,2739,74
1356289974,2026-05-26T21:49:39Z,SIN,24,1686,70
1356289974,2026-05-26T21:49:39Z,DEN,11,754,69
1356289974,2026-05-26T21:49:39Z,AUT,54,3688,68
1356289974,2026-05-26T21:49:39Z,NOR,27,1641,61
1356289974,2026-05-26T21:49:39Z,SWE,29,1721,59
1356289974,2026-05-26T21:49:39Z,ARG,14,728,54
1356289974,2026-05-26T21:49:39Z,FIN,18,962,53
1356289974,2026-05-26T21:49:39Z,BEL,24,1257,52
1356289974,2026-05-26T21:49:39Z,BOT,29,1437,50
1356289974,2026-05-26T21:49:39Z,SUI,22,1085,49
1356289974,2026-05-26T21:49:39Z,FRA,29,1366,47
1356289974,2026-05-26T21:49:39Z,ROM,28,1314,47
1356289974,2026-05-26T21:49:39Z,COK,14,649,46
1356289974,2026-05-26T21:49:39Z,MWI,36,1667,46
1356289974,2026-05-26T21:49:39Z,SAM,21,933,44
1356289974,2026-05-26T21:49:39Z,RWA,55,2346,43
1356289974,2026-05-26T21:49:39Z,PHI,29,1191,41
1356289974,2026-05-26T21:49:39Z,GHA,15,605,40
1356289974,2026-05-26T21:49:39Z,THA,32,1287,40
1356289974,2026-05-26T21:49:39Z,BAH,15,599,40
1356289974,2026-05-26T21:49:39Z,CAM,29,1109,38
1356289974,2026-05-26T21:49:39Z,IDN,80,2932,37
1356289974,2026-05-26T21:49:39Z,CZE,12,438,37
1356289974,2026-05-26T21:49:39Z,IOM,8,285,36
1356289974,2026-05-26T21:49:39Z,CYP,26,892,34
1356289974,2026-05-26T21:49:39Z,ESW,15,514,34
1356289974,2026-05-26T21:49:39Z,MLT,39,1326,34
1356289974,2026-05-26T21:49:39Z,VAN,15,491,33
1356289974,2026-05-26T21:49:39Z,HUN,23,700,30
1356289974,2026-05-26T21:49:39Z,ZAM,10,290,29
1356289974,2026-05-26T21:49:39Z,EST,16,409,26
1356289974,2026-05-26T21:49:39Z,MEX,22,454,21
1356289974,2026-05-26T21:49:39Z,BLZ,4,82,21
1356289974,2026-05-26T21:49:39Z,BHU,26,519,20
1356289974,2026-05-26T21:49:39Z,PAN,8,156,20
1356289974,2026-05-26T21:49:39Z,CMR,8,149,19
1356289974,2026-05-26T21:49:39Z,KOR,17,294,17
1356289974,2026-05-26T21:49:39Z,GIB,21,347,17
1356289974,2026-05-26T21:49:39Z,LUX,16,255,16
1356289974,2026-05-26T21:49:39Z,SRB,19,275,14
1356289974,2026-05-26T21:49:39Z,BRA,13,152,12
1356289974,2026-05-26T21:49:39Z,MDV,13,112,9
1356289974,2026-05-26T21:49:39Z,SLE,24,201,8
1356289974,2026-05-26T21:49:39Z,BUL,20,165,8
1356289974,2026-05-26T21:49:39Z,SUR,10,82,8
1356289974,2026-05-26T21:49:39Z,CRO,24,169,7
1356289974,2026-05-26T21:49:39Z,SEY,7,46,7
1356289974,2026-05-26T21:49:39Z,MOZ,10,65,7
1356289974,2026-05-26T21:49:39Z,MLI,8,42,5
1356289974,2026-05-26T21:49:39Z,CHN,6,29,5
1356289974,2026-05-26T21:49:39Z,TUR,8,28,4
1356289974,2026-05-26T21:49:39Z,FIJ,9,19,2
1356289974,2026-05-26T21:49:39Z,TLS,8,0,0
1356289974,2026-05-26T21:49:39Z,CIV,6,0,0
1356289974,2026-05-26T21:49:39Z,MGL,7,0,0
1356289974,2026-05-26T21:49:39Z,SHL,7,0,0
1356289974,2026-05-26T21:49:39Z,SLO,16,0,0
1356289974,2026-05-26T21:49:39Z,MYA,23,0,0
1356289974,2026-05-26T21:49:39Z,LES,10,0,0
1356289974,2026-05-26T21:49:39Z,CRC,12,0,0
1358072668,2026-06-06T11:27:28Z,IND,52,14306,275
1358072668,2026-06-06T11:27:28Z,ENG,34,8904,262
1358072668,2026-06-06T11:27:28Z,AUS,35,9044,258
1358072668,2026-06-06T11:27:28Z,NZ,50,12348,247
1358072668,2026-06-06T11:27:28Z,SA,48,11717,244
1358072668,2026-06-06T11:27:28Z,PAK,57,13679,240
1358072668,2026-06-06T11:27:28Z,WIN,53,12367,233
1358072668,2026-06-06T11:27:28Z,BAN,47,10576,225
1358072668,2026-06-06T11:27:28Z,SL,41,9053,221
1358072668,2026-06-06T11:27:28Z,AFG,36,7935,220
1358072668,2026-06-06T11:27:28Z,ZIM,48,9699,202
1358072668,2026-06-06T11:27:28Z,IRE,27,5361,199
1358072668,2026-06-06T11:27:28Z,USA,20,6650,183
1358072668,2026-06-06T11:27:28Z,NED,24,4311,180
1358072668,2026-06-06T11:27:28Z,SCO,23,4116,179
1358072668,2026-06-06T11:27:28Z,NEP,41,7304,178
1358072668,2026-06-06T11:27:28Z,NAM,33,5863,178
1358072668,2026-06-06T11:27:28Z,UAE,54,9408,174
1358072668,2026-06-06T11:27:28Z,OMA,41,6416,156
1358072668,2026-06-06T11:27:28Z,CAN,26,3864,149
1358072668,2026-06-06T11:27:28Z,UGA,38,5478,144
1358072668,2026-06-06T11:27:28Z,PNG,20,2743,137
1358072668,2026-06-06T11:27:28Z,ITA,15,1988,133
1358072668,2026-06-06T11:27:28Z,HK,42,5401,129
1358072668,2026-06-06T11:27:28Z,MAS,48,6050,126
1358072668,2026-06-06T11:27:28Z,ESP,11,1377,125
1358072668,2026-06-06T11:27:28Z,KUW,29,3585,124
1358072668,2026-06-06T11:27:28Z,QAT,36,4297,119
1358072668,2026-06-06T11:27:28Z,JER,21,2484,118
1358072668,2026-06-06T11:27:28Z,BHR,63,7431,118
1358072668,2026-06-06T11:27:28Z,BER,17,1924,113
1358072668,2026-06-06T11:27:28Z,SAU,26,2825,109
1358072668,2026-06-06T11:27:28Z,KEN,39,4022,103
1358072668,2026-06-06T11:27:28Z,TAN,30,2967,99
1358072668,2026-06-06T11:27:28Z,GER,20,1781,89
1358072668,2026-06-06T11:27:28Z,GUE,24,2028,85
1358072668,2026-06-06T11:27:28Z,CAY,24,1915,80
1358072668,2026-06-06T11:27:28Z,NGA,40,3128,78
1358072668,2026-06-06T11:27:28Z,POR,18,1374,76
1358072668,2026-06-06T11:27:28Z,JPN,37,2739,74
1358072668,2026-06-06T11:27:28Z,SIN,27,1865,69
1358072668,2026-06-06T11:27:28Z,DEN,11,754,69
1358072668,2026-06-06T11:27:28Z,AUT,54,3688,68
1358072668,2026-06-06T11:27:28Z,NOR,27,1641,61
1358072668,2026-06-06T11:27:28Z,SWE,29,1721,59
1358072668,2026-06-06T11:27:28Z,ARG,14,728,54
1358072668,2026-06-06T11:27:28Z,FIN,18,962,53
1358072668,2026-06-06T11:27:28Z,BEL,24,1257,52
1358072668,2026-06-06T11:27:28Z,SUI,22,1085,49
1358072668,2026-06-06T11:27:28Z,BOT,32,1530,48
1358072668,2026-06-06T11:27:28Z,FRA,29,1366,47
1358072668,2026-06-06T11:27:28Z,ROM,28,1314,47
1358072668,2026-06-06T11:27:28Z,COK,14,649,46
1358072668,2026-06-06T11:27:28Z,MWI,36,1667,46
1358072668,2026-06-06T11:27:28Z,SAM,21,933,44
1358072668,2026-06-06T11:27:28Z,RWA,57,2504,44
1358072668,2026-06-06T11:27:28Z,PHI,29,1191,41
1358072668,2026-06-06T11:27:28Z,GHA,15,605,40
1358072668,2026-06-06T11:27:28Z,THA,32,1287,40
1358072668,2026-06-06T11:27:28Z,BAH,15,599,40
1358072668,2026-06-06T11:27:28Z,CAM,29,1109,38
1358072668,2026-06-06T11:27:28Z,IDN,80,2932,37
1358072668,2026-06-06T11:27:28Z,CZE,12,438,37
1358072668,2026-06-06T11:27:28Z,IOM,8,285,36
1358072668,2026-06-06T11:27:28Z,CYP,26,892,34
1358072668,2026-06-06T11:27:28Z,MLT,39,1326,34
1358072668,2026-06-06T11:27:28Z,ESW,19,629,33
1358072668,2026-06-06T11:27:28Z,VAN,15,491,33
1358072668,2026-06-06T11:27:28Z,HUN,23,700,30
1358072668,2026-06-06T11:27:28Z,ZAM,10,290,29
1358072668,2026-06-06T11:27:28Z,EST,16,409,26
1358072668,2026-06-06T11:27:28Z,CMR,10,213,21
1358072668,2026-06-06T11:27:28Z,MEX,22,454,21
1358072668,2026-06-06T11:27:28Z,BLZ,4,82,21
1358072668,2026-06-06T11:27:28Z,BHU,26,519,20
1358072668,2026-06-06T11:27:28Z,PAN,8,156,20
1358072668,2026-06-06T11:27:28Z,KOR,17,294,17
1358072668,2026-06-06T11:27:28Z,MOZ,14,236,17
1358072668,2026-06-06T11:27:28Z,GIB,21,347,17
1358072668,2026-06-06T11:27:28Z,LUX,16,255,16
1358072668,2026-06-06T11:27:28Z,SRB,19,275,14
1358072668,2026-06-06T11:27:28Z,BRA,13,152,12
1358072668,2026-06-06T11:27:28Z,SLE,27,295,11
1358072668,2026-06-06T11:27:28Z,MDV,13,112,9
1358072668,2026-06-06T11:27:28Z,BUL,20,165,8
1358072668,2026-06-06T11:27:28Z,SUR,10,82,8
1358072668,2026-06-06T11:27:28Z,CRO,24,169,7
1358072668,2026-06-06T11:27:28Z,SEY,7,46,7
1358072668,2026-06-06T11:27:28Z,TUR,8,28,4
1358072668,2026-06-06T11:27:28Z,CHN,8,17,2
1358072668,2026-06-06T11:27:28Z,FIJ,9,19,2
1358072668,2026-06-06T11:27:28Z,TLS,8,0,0
1358072668,2026-06-06T11:27:28Z,CIV,9,0,0
1358072668,2026-06-06T11:27:28Z,MGL,7,0,0
1358072668,2026-06-06T11:27:28Z,SHL,7,0,0
1358072668,2026-06-06T11:27:28Z,SLO,16,0,0
1358072668,2026-06-06T11:27:28Z,MYA,23,0,0
1358072668,2026-06-06T11:27:28Z,MLI,10,0,0
1358072668,2026-06-06T11:27:28Z,LES,14,0,0
1358072668,2026-06-06T11:27:28Z,CRC,12,0,0
1361589335,2026-06-28T22:19:31Z,IND,54,14674,272
1361589335,2026-06-28T22:19:31Z,ENG,34,8904,262
1361589335,2026-06-28T22:19:31Z,AUS,38,9868,260
1361589335,2026-06-28T22:19:31Z,NZ,50,12348,247
1361589335,2026-06-28T22:19:31Z,SA,48,11717,244
1361589335,2026-06-28T22:19:31Z,PAK,57,13679,240
1361589335,2026-06-28T22:19:31Z,WIN,56,13079,234
1361589335,2026-06-28T22:19:31Z,BAN,50,11202,224
1361589335,2026-06-28T22:19:31Z,SL,44,9703,221
1361589335,2026-06-28T22:19:31Z,AFG,36,7935,220
1361589335,2026-06-28T22:19:31Z,ZIM,48,9699,202
1361589335,2026-06-28T22:19:31Z,IRE,27,5361,199
1361589335,2026-06-28T22:19:31Z,USA,20,3650,183
1361589335,2026-06-28T22:19:31Z,NED,24,4311,180
1361589335,2026-06-28T22:19:31Z,NEP,43,7699,179
1361589335,2026-06-28T22:19:31Z,SCO,23,4116,179
1361589335,2026-06-28T22:19:31Z,NAM,37,6616,179
1361589335,2026-06-28T22:19:31Z,UAE,54,9408,174
1361589335,2026-06-28T22:19:31Z,OMA,43,6619,154
1361589335,2026-06-28T22:19:31Z,CAN,26,3864,149
1361589335,2026-06-28T22:19:31Z,UGA,38,5478,144
1361589335,2026-06-28T22:19:31Z,PNG,20,2743,137
1361589335,2026-06-28T22:19:31Z,ITA,15,1988,133
1361589335,2026-06-28T22:19:31Z,HK,48,6215,129
1361589335,2026-06-28T22:19:31Z,MAS,50,6335,127
1361589335,2026-06-28T22:19:31Z,ESP,11,1377,125
1361589335,2026-06-28T22:19:31Z,KUW,29,3585,124
1361589335,2026-06-28T22:19:31Z,QAT,36,4297,119
1361589335,2026-06-28T22:19:31Z,JER,21,2484,118
1361589335,2026-06-28T22:19:31Z,BHR,63,7431,118
1361589335,2026-06-28T22:19:31Z,BER,20,2295,115
1361589335,2026-06-28T22:19:31Z,SAU,26,2825,109
1361589335,2026-06-28T22:19:31Z,KEN,39,4022,103
1361589335,2026-06-28T22:19:31Z,TAN,30,2967,99
1361589335,2026-06-28T22:19:31Z,GUE,24,2028,85
1361589335,2026-06-28T22:19:31Z,GER,24,1964,82
1361589335,2026-06-28T22:19:31Z,DEN,15,1204,80
1361589335,2026-06-28T22:19:31Z,CAY,24,1915,80
1361589335,2026-06-28T22:19:31Z,NGA,44,3399,77
1361589335,2026-06-28T22:19:31Z,POR,18,1374,76
1361589335,2026-06-28T22:19:31Z,JPN,37,2739,74
1361589335,2026-06-28T22:19:31Z,SIN,31,2211,71
1361589335,2026-06-28T22:19:31Z,AUT,61,4046,66
1361589335,2026-06-28T22:19:31Z,SWE,33,2067,63
1361589335,2026-06-28T22:19:31Z,FIN,22,1313,60
1361589335,2026-06-28T22:19:31Z,BEL,29,1709,59
1361589335,2026-06-28T22:19:31Z,NOR,31,1792,58
1361589335,2026-06-28T22:19:31Z,ARG,14,728,54
1361589335,2026-06-28T22:19:31Z,SUI,26,1260,48
1361589335,2026-06-28T22:19:31Z,BOT,32,1530,48
1361589335,2026-06-28T22:19:31Z,FRA,29,1366,47
1361589335,2026-06-28T22:19:31Z,COK,14,649,46
1361589335,2026-06-28T22:19:31Z,MWI,36,1667,46
1361589335,2026-06-28T22:19:31Z,ROM,33,1503,46
1361589335,2026-06-28T22:19:31Z,SAM,21,933,44
1361589335,2026-06-28T22:19:31Z,RWA,57,2504,44
1361589335,2026-06-28T22:19:31Z,PHI,29,1191,41
1361589335,2026-06-28T22:19:31Z,GHA,15,605,40
1361589335,2026-06-28T22:19:31Z,THA,35,1377,39
1361589335,2026-06-28T22:19:31Z,BAH,18,704,39
1361589335,2026-06-28T22:19:31Z,CAM,29,1109,38
1361589335,2026-06-28T22:19:31Z,CZE,16,603,38
1361589335,2026-06-28T22:19:31Z,IDN,83,3052,37
1361589335,2026-06-28T22:19:31Z,IOM,8,285,36
1361589335,2026-06-28T22:19:31Z,CYP,26,892,34
1361589335,2026-06-28T22:19:31Z,MLT,39,1326,34
1361589335,2026-06-28T22:19:31Z,VAN,15,491,33
1361589335,2026-06-28T22:19:31Z,ESW,22,713,32
1361589335,2026-06-28T22:19:31Z,PAN,11,329,30
1361589335,2026-06-28T22:19:31Z,ZAM,10,290,29
1361589335,2026-06-28T22:19:31Z,EST,16,409,26
1361589335,2026-06-28T22:19:31Z,HUN,30,753,25
1361589335,2026-06-28T22:19:31Z,LUX,20,451,23
1361589335,2026-06-28T22:19:31Z,CMR,10,213,21
1361589335,2026-06-28T22:19:31Z,MEX,22,454,21
1361589335,2026-06-28T22:19:31Z,BHU,26,519,20
1361589335,2026-06-28T22:19:31Z,BLZ,7,139,20
1361589335,2026-06-28T22:19:31Z,KOR,17,294,17
1361589335,2026-06-28T22:19:31Z,GIB,21,347,17
1361589335,2026-06-28T22:19:31Z,MOZ,17,250,15
1361589335,2026-06-28T22:19:31Z,BRA,13,152,12
1361589335,2026-06-28T22:19:31Z,SLE,27,295,11
1361589335,2026-06-28T22:19:31Z,MDV,13,112,9
1361589335,2026-06-28T22:19:31Z,BUL,20,165,8
1361589335,2026-06-28T22:19:31Z,SUR,10,82,8
1361589335,2026-06-28T22:19:31Z,SRB,23,181,8
1361589335,2026-06-28T22:19:31Z,CRO,24,169,7
1361589335,2026-06-28T22:19:31Z,SEY,7,46,7
1361589335,2026-06-28T22:19:31Z,LES,16,85,5
1361589335,2026-06-28T22:19:31Z,TUR,8,28,4
1361589335,2026-06-28T22:19:31Z,CHN,8,17,2
1361589335,2026-06-28T22:19:31Z,FIJ,9,19,2
1361589335,2026-06-28T22:19:31Z,TLS,8,0,0
1361589335,2026-06-28T22:19:31Z,CIV,9,0,0
1361589335,2026-06-28T22:19:31Z,MGL,7,0,0
1361589335,2026-06-28T22:19:31Z,SHL,7,0,0
1361589335,2026-06-28T22:19:31Z,SLO,17,0,0
1361589335,2026-06-28T22:19:31Z,MYA,23,0,0
1361589335,2026-06-28T22:19:31Z,MLI,10,0,0
1361589335,2026-06-28T22:19:31Z,CRC,12,0,0
1363381850,2026-07-09T21:26:26Z,IND,57,15315,269
1363381850,2026-07-09T21:26:26Z,ENG,37,9867,267
1363381850,2026-07-09T21:26:26Z,AUS,38,9868,260
1363381850,2026-07-09T21:26:26Z,NZ,50,12348,247
1363381850,2026-07-09T21:26:26Z,SA,48,11717,244
1363381850,2026-07-09T21:26:26Z,PAK,57,13679,240
1363381850,2026-07-09T21:26:26Z,WIN,56,13079,234
1363381850,2026-07-09T21:26:26Z,BAN,50,11202,224
1363381850,2026-07-09T21:26:26Z,SL,44,9703,221
1363381850,2026-07-09T21:26:26Z,AFG,36,7935,220
1363381850,2026-07-09T21:26:26Z,IRE,29,5942,205
1363381850,2026-07-09T21:26:26Z,ZIM,48,9679,202
1363381850,2026-07-09T21:26:26Z,USA,20,3650,183
1363381850,2026-07-09T21:26:26Z,NED,24,4311,180
1363381850,2026-07-09T21:26:26Z,NEP,43,7699,179
1363381850,2026-07-09T21:26:26Z,SCO,23,4116,179
1363381850,2026-07-09T21:26:26Z,NAM,37,6616,179
1363381850,2026-07-09T21:26:26Z,UAE,54,9408,174
1363381850,2026-07-09T21:26:26Z,OMA,43,6619,154
1363381850,2026-07-09T21:26:26Z,CAN,26,3864,149
1363381850,2026-07-09T21:26:26Z,UGA,38,5478,144
1363381850,2026-07-09T21:26:26Z,PNG,20,2743,137
1363381850,2026-07-09T21:26:26Z,ITA,15,1988,133
1363381850,2026-07-09T21:26:26Z,HK,48,6215,129
1363381850,2026-07-09T21:26:26Z,MAS,50,6335,127
1363381850,2026-07-09T21:26:26Z,ESP,11,1377,125
1363381850,2026-07-09T21:26:26Z,KUW,29,3585,124
1363381850,2026-07-09T21:26:26Z,QAT,36,4297,119
1363381850,2026-07-09T21:26:26Z,JER,21,2484,118
1363381850,2026-07-09T21:26:26Z,BHR,63,7431,118
1363381850,2026-07-09T21:26:26Z,BER,20,2295,115
1363381850,2026-07-09T21:26:26Z,SAU,26,2825,109
1363381850,2026-07-09T21:26:26Z,KEN,39,4022,103
1363381850,2026-07-09T21:26:26Z,TAN,30,2967,99
1363381850,2026-07-09T21:26:26Z,GUE,24,2028,85
1363381850,2026-07-09T21:26:26Z,POR,23,1928,84
1363381850,2026-07-09T21:26:26Z,GER,24,1964,82
1363381850,2026-07-09T21:26:26Z,DEN,17,1385,81
1363381850,2026-07-09T21:26:26Z,CAY,24,1915,80
1363381850,2026-07-09T21:26:26Z,NGA,44,3399,77
1363381850,2026-07-09T21:26:26Z,JPN,37,2739,74
1363381850,2026-07-09T21:26:26Z,SIN,31,2211,71
1363381850,2026-07-09T21:26:26Z,AUT,61,4046,66
1363381850,2026-07-09T21:26:26Z,SWE,36,2151,60
1363381850,2026-07-09T21:26:26Z,BEL,30,1778,59
1363381850,2026-07-09T21:26:26Z,FIN,24,1377,57
1363381850,2026-07-09T21:26:26Z,NOR,33,1842,56
1363381850,2026-07-09T21:26:26Z,ARG,14,728,54
1363381850,2026-07-09T21:26:26Z,SUI,26,1260,48
1363381850,2026-07-09T21:26:26Z,BOT,32,1530,48
1363381850,2026-07-09T21:26:26Z,FRA,29,1366,47
1363381850,2026-07-09T21:26:26Z,COK,14,649,46
1363381850,2026-07-09T21:26:26Z,MWI,36,1667,46
1363381850,2026-07-09T21:26:26Z,ROM,34,1561,46
1363381850,2026-07-09T21:26:26Z,SAM,21,933,44
1363381850,2026-07-09T21:26:26Z,RWA,57,2504,44
1363381850,2026-07-09T21:26:26Z,PHI,29,1191,41
1363381850,2026-07-09T21:26:26Z,GHA,15,605,40
1363381850,2026-07-09T21:26:26Z,THA,35,1377,39
1363381850,2026-07-09T21:26:26Z,BAH,18,704,39
1363381850,2026-07-09T21:26:26Z,CAM,29,1109,38
1363381850,2026-07-09T21:26:26Z,CZE,16,603,38
1363381850,2026-07-09T21:26:26Z,IDN,83,3052,37
1363381850,2026-07-09T21:26:26Z,IOM,8,285,36
1363381850,2026-07-09T21:26:26Z,CYP,26,892,34
1363381850,2026-07-09T21:26:26Z,MLT,39,1326,34
1363381850,2026-07-09T21:26:26Z,VAN,15,491,33
1363381850,2026-07-09T21:26:26Z,ESW,22,713,32
1363381850,2026-07-09T21:26:26Z,PAN,11,329,30
1363381850,2026-07-09T21:26:26Z,ZAM,10,290,29
1363381850,2026-07-09T21:26:26Z,HUN,31,861,28
1363381850,2026-07-09T21:26:26Z,EST,18,430,24
1363381850,2026-07-09T21:26:26Z,LUX,20,451,23
1363381850,2026-07-09T21:26:26Z,CMR,10,213,21
1363381850,2026-07-09T21:26:26Z,MEX,22,454,21
1363381850,2026-07-09T21:26:26Z,BHU,26,519,20
1363381850,2026-07-09T21:26:26Z,BLZ,7,139,20
1363381850,2026-07-09T21:26:26Z,KOR,17,294,17
1363381850,2026-07-09T21:26:26Z,GIB,22,354,16
1363381850,2026-07-09T21:26:26Z,MOZ,17,250,15
1363381850,2026-07-09T21:26:26Z,SLE,27,295,11
1363381850,2026-07-09T21:26:26Z,MDV,13,112,9
1363381850,2026-07-09T21:26:26Z,BUL,20,165,8
1363381850,2026-07-09T21:26:26Z,SUR,10,82,8
1363381850,2026-07-09T21:26:26Z,SRB,24,177,7
1363381850,2026-07-09T21:26:26Z,CRO,24,169,7
1363381850,2026-07-09T21:26:26Z,SEY,7,46,7
1363381850,2026-07-09T21:26:26Z,LES,16,85,5
1363381850,2026-07-09T21:26:26Z,BRA,17,72,4
1363381850,2026-07-09T21:26:26Z,TUR,9,22,2
1363381850,2026-07-09T21:26:26Z,CHN,8,17,2
1363381850,2026-07-09T21:26:26Z,FIJ,9,19,2
1363381850,2026-07-09T21:26:26Z,TLS,8,0,0
1363381850,2026-07-09T21:26:26Z,CIV,9,0,0
1363381850,2026-07-09T21:26:26Z,MGL,7,0,0
1363381850,2026-07-09T21:26:26Z,SHL,7,0,0
1363381850,2026-07-09T21:26:26Z,SLO,17,0,0
1363381850,2026-07-09T21:26:26Z,MYA,23,0,0
1363381850,2026-07-09T21:26:26Z,MLI,10,0,0
1363381850,2026-07-09T21:26:26Z,CRC,12,0,0
1365107526,2026-07-20T08:17:30Z,ENG,38,10186,268
1365107526,2026-07-20T08:17:30Z,IND,58,15532,268
1365107526,2026-07-20T08:17:30Z,AUS,38,9868,260
1365107526,2026-07-20T08:17:30Z,NZ,50,12348,247
1365107526,2026-07-20T08:17:30Z,SA,48,11717,244
1365107526,2026-07-20T08:17:30Z,PAK,57,13679,240
1365107526,2026-07-20T08:17:30Z,WIN,56,13079,234
1365107526,2026-07-20T08:17:30Z,BAN,53,11860,224
1365107526,2026-07-20T08:17:30Z,SL,44,9703,221
1365107526,2026-07-20T08:17:30Z,AFG,36,7935,220
1365107526,2026-07-20T08:17:30Z,IRE,29,5942,205
1365107526,2026-07-20T08:17:30Z,ZIM,51,10299,202
1365107526,2026-07-20T08:17:30Z,USA,20,3650,183
1365107526,2026-07-20T08:17:30Z,NED,24,4311,180
1365107526,2026-07-20T08:17:30Z,NEP,43,7699,179
1365107526,2026-07-20T08:17:30Z,SCO,23,4116,179
1365107526,2026-07-20T08:17:30Z,NAM,37,6616,179
1365107526,2026-07-20T08:17:30Z,UAE,54,9408,174
1365107526,2026-07-20T08:17:30Z,OMA,43,6619,154
1365107526,2026-07-20T08:17:30Z,CAN,26,3864,149
1365107526,2026-07-20T08:17:30Z,UGA,38,5478,144
1365107526,2026-07-20T08:17:30Z,PNG,20,2743,137
1365107526,2026-07-20T08:17:30Z,ITA,15,1988,133
1365107526,2026-07-20T08:17:30Z,HK,48,6215,129
1365107526,2026-07-20T08:17:30Z,MAS,50,6335,127
1365107526,2026-07-20T08:17:30Z,ESP,11,1377,125
1365107526,2026-07-20T08:17:30Z,KUW,29,3585,124
1365107526,2026-07-20T08:17:30Z,QAT,36,4297,119
1365107526,2026-07-20T08:17:30Z,JER,21,2484,118
1365107526,2026-07-20T08:17:30Z,BHR,63,7431,118
1365107526,2026-07-20T08:17:30Z,BER,20,2295,115
1365107526,2026-07-20T08:17:30Z,SAU,26,2825,109
1365107526,2026-07-20T08:17:30Z,KEN,39,4022,103
1365107526,2026-07-20T08:17:30Z,TAN,30,2967,99
1365107526,2026-07-20T08:17:30Z,GUE,24,2028,85
1365107526,2026-07-20T08:17:30Z,DEN,20,1682,84
1365107526,2026-07-20T08:17:30Z,POR,23,1928,84
1365107526,2026-07-20T08:17:30Z,GER,24,1964,82
1365107526,2026-07-20T08:17:30Z,CAY,24,1915,80
1365107526,2026-07-20T08:17:30Z,NGA,44,3399,77
1365107526,2026-07-20T08:17:30Z,JPN,37,2739,74
1365107526,2026-07-20T08:17:30Z,SIN,31,2211,71
1365107526,2026-07-20T08:17:30Z,AUT,61,4046,66
1365107526,2026-07-20T08:17:30Z,SWE,36,2151,60
1365107526,2026-07-20T08:17:30Z,BEL,33,1923,58
1365107526,2026-07-20T08:17:30Z,FIN,24,1377,57
1365107526,2026-07-20T08:17:30Z,NOR,36,2006,56
1365107526,2026-07-20T08:17:30Z,ARG,14,728,54
1365107526,2026-07-20T08:17:30Z,SUI,26,1260,48
1365107526,2026-07-20T08:17:30Z,ROM,37,1770,48
1365107526,2026-07-20T08:17:30Z,BOT,32,1530,48
1365107526,2026-07-20T08:17:30Z,FRA,29,1366,47
1365107526,2026-07-20T08:17:30Z,COK,14,649,46
1365107526,2026-07-20T08:17:30Z,MWI,36,1667,46
1365107526,2026-07-20T08:17:30Z,SAM,21,933,44
1365107526,2026-07-20T08:17:30Z,RWA,57,2504,44
1365107526,2026-07-20T08:17:30Z,PHI,29,1191,41
1365107526,2026-07-20T08:17:30Z,GHA,15,605,40
1365107526,2026-07-20T08:17:30Z,THA,35,1377,39
1365107526,2026-07-20T08:17:30Z,BAH,18,704,39
1365107526,2026-07-20T08:17:30Z,CAM,29,1109,38
1365107526,2026-07-20T08:17:30Z,CZE,16,603,38
1365107526,2026-07-20T08:17:30Z,IDN,83,3052,37
1365107526,2026-07-20T08:17:30Z,IOM,8,285,36
1365107526,2026-07-20T08:17:30Z,CYP,26,892,34
1365107526,2026-07-20T08:17:30Z,MLT,39,1326,34
1365107526,2026-07-20T08:17:30Z,VAN,15,491,33
1365107526,2026-07-20T08:17:30Z,ESW,22,713,32
1365107526,2026-07-20T08:17:30Z,PAN,11,329,30
1365107526,2026-07-20T08:17:30Z,ZAM,10,290,29
1365107526,2026-07-20T08:17:30Z,HUN,35,1014,29
1365107526,2026-07-20T08:17:30Z,EST,21,513,24
1365107526,2026-07-20T08:17:30Z,LUX,20,451,23
1365107526,2026-07-20T08:17:30Z,CMR,10,213,21
1365107526,2026-07-20T08:17:30Z,MEX,22,454,21
1365107526,2026-07-20T08:17:30Z,BHU,26,519,20
1365107526,2026-07-20T08:17:30Z,BLZ,7,139,20
1365107526,2026-07-20T08:17:30Z,KOR,17,294,17
1365107526,2026-07-20T08:17:30Z,GIB,25,412,16
1365107526,2026-07-20T08:17:30Z,MOZ,17,250,15
1365107526,2026-07-20T08:17:30Z,SLE,27,295,11
1365107526,2026-07-20T08:17:30Z,MDV,13,112,9
1365107526,2026-07-20T08:17:30Z,BUL,20,165,8
1365107526,2026-07-20T08:17:30Z,SUR,10,82,8
1365107526,2026-07-20T08:17:30Z,CRO,24,169,7
1365107526,2026-07-20T08:17:30Z,SEY,7,46,7
1365107526,2026-07-20T08:17:30Z,LES,16,85,5
1365107526,2026-07-20T08:17:30Z,BRA,17,72,4
1365107526,2026-07-20T08:17:30Z,SRB,27,112,4
1365107526,2026-07-20T08:17:30Z,CHN,8,17,2
1365107526,2026-07-20T08:17:30Z,FIJ,9,19,2
1365107526,2026-07-20T08:17:30Z,TLS,8,0,0
1365107526,2026-07-20T08:17:30Z,CIV,9,0,0
1365107526,2026-07-20T08:17:30Z,MGL,7,0,0
1365107526,2026-07-20T08:17:30Z,TUR,12,0,0
1365107526,2026-07-20T08:17:30Z,SHL,7,0,0
1365107526,2026-07-20T08:17:30Z,SLO,17,0,0
1365107526,2026-07-20T08:17:30Z,MYA,23,0,0
1365107526,2026-07-20T08:17:30Z,MLI,10,0,0
1365107526,2026-07-20T08:17:30Z,CRC,12,0,0
1368238827,2026-08-07T21:56:40Z,IND,61,16366,268
1368238827,2026-08-07T21:56:40Z,ENG,38,10186,268
1368238827,2026-08-07T21:56:40Z,AUS,38,9868,260
1368238827,2026-08-07T21:56:40Z,NZ,50,12348,247
1368238827,2026-08-07T21:56:40Z,SA,48,11717,244
1368238827,2026-08-07T21:56:40Z,PAK,57,13679,240
1368238827,2026-08-07T21:56:40Z,WIN,56,13079,234
1368238827,2026-08-07T21:56:40Z,BAN,53,11860,224
1368238827,2026-08-07T21:56:40Z,SL,44,9703,221
1368238827,2026-08-07T21:56:40Z,AFG,36,7935,220
1368238827,2026-08-07T21:56:40Z,IRE,29,5942,205
1368238827,2026-08-07T21:56:40Z,ZIM,54,10875,201
1368238827,2026-08-07T21:56:40Z,USA,20,3650,183
1368238827,2026-08-07T21:56:40Z,NED,24,4311,180
1368238827,2026-08-07T21:56:40Z,NEP,43,7699,179
1368238827,2026-08-07T21:56:40Z,SCO,23,4116,179
1368238827,2026-08-07T21:56:40Z,NAM,37,6616,179
1368238827,2026-08-07T21:56:40Z,UAE,54,9408,174
1368238827,2026-08-07T21:56:40Z,OMA,43,6619,154
1368238827,2026-08-07T21:56:40Z,CAN,26,3864,149
1368238827,2026-08-07T21:56:40Z,UGA,38,5478,144
1368238827,2026-08-07T21:56:40Z,PNG,20,2743,137
1368238827,2026-08-07T21:56:40Z,ITA,15,1988,133
1368238827,2026-08-07T21:56:40Z,HK,48,6215,129
1368238827,2026-08-07T21:56:40Z,MAS,50,6335,127
1368238827,2026-08-07T21:56:40Z,ESP,11,1377,125
1368238827,2026-08-07T21:56:40Z,KUW,29,3585,124
1368238827,2026-08-07T21:56:40Z,QAT,36,4297,119
1368238827,2026-08-07T21:56:40Z,JER,21,2484,118
1368238827,2026-08-07T21:56:40Z,BHR,65,7636,117
1368238827,2026-08-07T21:56:40Z,BER,20,2295,115
1368238827,2026-08-07T21:56:40Z,SAU,26,2825,109
1368238827,2026-08-07T21:56:40Z,KEN,41,4259,104
1368238827,2026-08-07T21:56:40Z,TAN,30,2967,99
1368238827,2026-08-07T21:56:40Z,GUE,24,2028,85
1368238827,2026-08-07T21:56:40Z,DEN,20,1682,84
1368238827,2026-08-07T21:56:40Z,POR,23,1928,84
1368238827,2026-08-07T21:56:40Z,GER,24,1964,82
1368238827,2026-08-07T21:56:40Z,CAY,24,1915,80
1368238827,2026-08-07T21:56:40Z,NGA,44,3399,77
1368238827,2026-08-07T21:56:40Z,JPN,37,2739,74
1368238827,2026-08-07T21:56:40Z,SIN,31,2211,71
1368238827,2026-08-07T21:56:40Z,AUT,66,4293,65
1368238827,2026-08-07T21:56:40Z,SWE,36,2151,60
1368238827,2026-08-07T21:56:40Z,BEL,33,1923,58
1368238827,2026-08-07T21:56:40Z,FIN,24,1377,57
1368238827,2026-08-07T21:56:40Z,NOR,36,2006,56
1368238827,2026-08-07T21:56:40Z,ARG,14,728,54
1368238827,2026-08-07T21:56:40Z,FRA,35,1753,50
1368238827,2026-08-07T21:56:40Z,ROM,43,2134,50
1368238827,2026-08-07T21:56:40Z,SUI,26,1260,48
1368238827,2026-08-07T21:56:40Z,BOT,32,1530,48
1368238827,2026-08-07T21:56:40Z,COK,14,649,46
1368238827,2026-08-07T21:56:40Z,MWI,36,1667,46
1368238827,2026-08-07T21:56:40Z,SAM,21,933,44
1368238827,2026-08-07T21:56:40Z,RWA,57,2504,44
1368238827,2026-08-07T21:56:40Z,PHI,29,1191,41
1368238827,2026-08-07T21:56:40Z,GHA,15,605,40
1368238827,2026-08-07T21:56:40Z,THA,35,1377,39
1368238827,2026-08-07T21:56:40Z,BAH,18,704,39
1368238827,2026-08-07T21:56:40Z,CAM,29,1109,38
1368238827,2026-08-07T21:56:40Z,CZE,16,603,38
1368238827,2026-08-07T21:56:40Z,IDN,83,3052,37
1368238827,2026-08-07T21:56:40Z,IOM,8,285,36
1368238827,2026-08-07T21:56:40Z,CYP,26,892,34
1368238827,2026-08-07T21:56:40Z,MLT,39,1326,34
1368238827,2026-08-07T21:56:40Z,VAN,15,491,33
1368238827,2026-08-07T21:56:40Z,ESW,22,713,32
1368238827,2026-08-07T21:56:40Z,ZAM,10,290,29
1368238827,2026-08-07T21:56:40Z,HUN,35,1014,29
1368238827,2026-08-07T21:56:40Z,PAN,13,357,27
1368238827,2026-08-07T21:56:40Z,EST,21,513,24
1368238827,2026-08-07T21:56:40Z,LUX,20,451,23
1368238827,2026-08-07T21:56:40Z,CMR,10,213,21
1368238827,2026-08-07T21:56:40Z,BHU,26,519,20
1368238827,2026-08-07T21:56:40Z,BLZ,7,139,20
1368238827,2026-08-07T21:56:40Z,MEX,23,434,19
1368238827,2026-08-07T21:56:40Z,KOR,17,294,17
1368238827,2026-08-07T21:56:40Z,GIB,25,412,16
1368238827,2026-08-07T21:56:40Z,MOZ,17,250,15
1368238827,2026-08-07T21:56:40Z,SLE,27,295,11
1368238827,2026-08-07T21:56:40Z,BRA,19,205,11
1368238827,2026-08-07T21:56:40Z,MDV,13,112,9
1368238827,2026-08-07T21:56:40Z,BUL,20,165,8
1368238827,2026-08-07T21:56:40Z,SUR,10,82,8
1368238827,2026-08-07T21:56:40Z,CRO,24,169,7
1368238827,2026-08-07T21:56:40Z,SEY,7,46,7
1368238827,2026-08-07T21:56:40Z,ISR,7,40,6
1368238827,2026-08-07T21:56:40Z,LES,16,85,5
1368238827,2026-08-07T21:56:40Z,SRB,27,112,4
1368238827,2026-08-07T21:56:40Z,TUR,17,63,4
1368238827,2026-08-07T21:56:40Z,CHN,8,17,2
1368238827,2026-08-07T21:56:40Z,FIJ,9,19,2
1368238827,2026-08-07T21:56:40Z,TLS,8,0,0
1368238827,2026-08-07T21:56:40Z,CIV,9,0,0
1368238827,2026-08-07T21:56:40Z,MGL,7,0,0
1368238827,2026-08-07T21:56:40Z,SHL,7,0,0
1368238827,2026-08-07T21:56:40Z,SLO,17,0,0
1368238827,2026-08-07T21:56:40Z,MYA,23,0,0
1368238827,2026-08-07T21:56:40Z,MLI,10,0,0
1368238827,2026-08-07T21:56:40Z,CRC,12,0,0
1370030345,2026-08-18T18:40:12Z,IND,61,16366,268
1370030345,2026-08-18T18:40:12Z,ENG,38,10186,268
1370030345,2026-08-18T18:40:12Z,AUS,38,9868,260
1370030345,2026-08-18T18:40:12Z,NZ,50,12348,247
1370030345,2026-08-18T18:40:12Z,SA,48,11717,244
1370030345,2026-08-18T18:40:12Z,PAK,57,13679,240
1370030345,2026-08-18T18:40:12Z,WIN,56,13079,234
1370030345,2026-08-18T18:40:12Z,BAN,53,11860,224
1370030345,2026-08-18T18:40:12Z,SL,44,9703,221
1370030345,2026-08-18T18:40:12Z,AFG,36,7935,220
1370030345,2026-08-18T18:40:12Z,IRE,29,5942,205
1370030345,2026-08-18T18:40:12Z,ZIM,54,10875,201
1370030345,2026-08-18T18:40:12Z,USA,20,3650,183
1370030345,2026-08-18T18:40:12Z,NED,24,4311,180
1370030345,2026-08-18T18:40:12Z,NEP,43,7699,179
1370030345,2026-08-18T18:40:12Z,SCO,23,4116,179
1370030345,2026-08-18T18:40:12Z,NAM,37,6616,179
1370030345,2026-08-18T18:40:12Z,UAE,54,9408,174
1370030345,2026-08-18T18:40:12Z,OMA,43,6619,154
1370030345,2026-08-18T18:40:12Z,CAN,26,3864,149
1370030345,2026-08-18T18:40:12Z,UGA,38,5478,144
1370030345,2026-08-18T18:40:12Z,PNG,20,2743,137
1370030345,2026-08-18T18:40:12Z,ITA,15,1988,133
1370030345,2026-08-18T18:40:12Z,HK,48,6215,129
1370030345,2026-08-18T18:40:12Z,ESP,15,1923,128
1370030345,2026-08-18T18:40:12Z,MAS,50,6335,127
1370030345,2026-08-18T18:40:12Z,KUW,29,3585,124
1370030345,2026-08-18T18:40:12Z,QAT,36,4297,119
1370030345,2026-08-18T18:40:12Z,JER,21,2484,118
1370030345,2026-08-18T18:40:12Z,BHR,65,7636,117
1370030345,2026-08-18T18:40:12Z,BER,20,2295,115
1370030345,2026-08-18T18:40:12Z,SAU,26,2825,109
1370030345,2026-08-18T18:40:12Z,KEN,41,4259,104
1370030345,2026-08-18T18:40:12Z,TAN,30,2967,99
1370030345,2026-08-18T18:40:12Z,POR,26,2251,87
1370030345,2026-08-18T18:40:12Z,GUE,24,2028,85
1370030345,2026-08-18T18:40:12Z,DEN,20,1682,84
1370030345,2026-08-18T18:40:12Z,GER,27,2198,81
1370030345,2026-08-18T18:40:12Z,CAY,24,1915,80
1370030345,2026-08-18T18:40:12Z,NGA,44,3399,77
1370030345,2026-08-18T18:40:12Z,JPN,37,2739,74
1370030345,2026-08-18T18:40:12Z,SIN,31,2211,71
1370030345,2026-08-18T18:40:12Z,AUT,66,4293,65
1370030345,2026-08-18T18:40:12Z,SWE,36,2151,60
1370030345,2026-08-18T18:40:12Z,BEL,33,1923,58
1370030345,2026-08-18T18:40:12Z,FIN,28,1591,57
1370030345,2026-08-18T18:40:12Z,NOR,36,2006,56
1370030345,2026-08-18T18:40:12Z,ARG,14,728,54
1370030345,2026-08-18T18:40:12Z,FRA,35,1753,50
1370030345,2026-08-18T18:40:12Z,ROM,43,2134,50
1370030345,2026-08-18T18:40:12Z,SUI,26,1260,48
1370030345,2026-08-18T18:40:12Z,BOT,32,1530,48
1370030345,2026-08-18T18:40:12Z,COK,14,649,46
1370030345,2026-08-18T18:40:12Z,SAM,21,933,44
1370030345,2026-08-18T18:40:12Z,MWI,41,1807,44
1370030345,2026-08-18T18:40:12Z,RWA,64,2811,44
1370030345,2026-08-18T18:40:12Z,PHI,29,1191,41
1370030345,2026-08-18T18:40:12Z,IOM,11,446,41
1370030345,2026-08-18T18:40:12Z,GHA,15,605,40
1370030345,2026-08-18T18:40:12Z,THA,35,1377,39
1370030345,2026-08-18T18:40:12Z,BAH,18,704,39
1370030345,2026-08-18T18:40:12Z,CAM,29,1109,38
1370030345,2026-08-18T18:40:12Z,IDN,83,3052,37
1370030345,2026-08-18T18:40:12Z,ZAM,16,558,35
1370030345,2026-08-18T18:40:12Z,CYP,26,892,34
1370030345,2026-08-18T18:40:12Z,MLT,39,1326,34
1370030345,2026-08-18T18:40:12Z,CZE,19,634,33
1370030345,2026-08-18T18:40:12Z,VAN,15,491,33
1370030345,2026-08-18T18:40:12Z,ESW,22,713,32
1370030345,2026-08-18T18:40:12Z,HUN,35,1014,29
1370030345,2026-08-18T18:40:12Z,PAN,15,371,25
1370030345,2026-08-18T18:40:12Z,EST,21,513,24
1370030345,2026-08-18T18:40:12Z,CMR,10,213,21
1370030345,2026-08-18T18:40:12Z,BHU,26,519,20
1370030345,2026-08-18T18:40:12Z,BLZ,7,139,20
1370030345,2026-08-18T18:40:12Z,LUX,23,454,20
1370030345,2026-08-18T18:40:12Z,MEX,25,445,18
1370030345,2026-08-18T18:40:12Z,KOR,17,294,17
1370030345,2026-08-18T18:40:12Z,BRA,21,353,17
1370030345,2026-08-18T18:40:12Z,GIB,25,412,16
1370030345,2026-08-18T18:40:12Z,MOZ,17,250,15
1370030345,2026-08-18T18:40:12Z,ISR,10,119,12
1370030345,2026-08-18T18:40:12Z,SLE,27,295,11
1370030345,2026-08-18T18:40:12Z,MDV,13,112,9
1370030345,2026-08-18T18:40:12Z,SUR,10,82,8
1370030345,2026-08-18T18:40:12Z,CRO,24,169,7
1370030345,2026-08-18T18:40:12Z,SEY,7,46,7
1370030345,2026-08-18T18:40:12Z,BUL,24,149,6
1370030345,2026-08-18T18:40:12Z,LES,16,85,5
1370030345,2026-08-18T18:40:12Z,SRB,27,112,4
1370030345,2026-08-18T18:40:12Z,TUR,17,63,4
1370030345,2026-08-18T18:40:12Z,CHN,8,17,2
1370030345,2026-08-18T18:40:12Z,FIJ,9,19,2
1370030345,2026-08-18T18:40:12Z,TLS,8,0,0
1370030345,2026-08-18T18:40:12Z,CIV,9,0,0
1370030345,2026-08-18T18:40:12Z,MGL,7,0,0
1370030345,2026-08-18T18:40:12Z,SHL,7,0,0
1370030345,2026-08-18T18:40:12Z,SLO,17,0,0
1370030345,2026-08-18T18:40:12Z,MYA,23,0,0
1370030345,2026-08-18T18:40:12Z,MLI,10,0,0
1370030345,2026-08-18T18:40:12Z,CRC,12,0,0
1371848313,2026-08-28T21:21:36Z,IND,61,16366,268
1371848313,2026-08-28T21:21:36Z,ENG,38,10186,268
1371848313,2026-08-28T21:21:36Z,AUS,38,9868,260
1371848313,2026-08-28T21:21:36Z,NZ,50,12348,247
1371848313,2026-08-28T21:21:36Z,SA,49,11871,242
1371848313,2026-08-28T21:21:36Z,PAK,57,13679,240
1371848313,2026-08-28T21:21:36Z,WIN,56,13079,234
1371848313,2026-08-28T21:21:36Z,BAN,53,11860,224
1371848313,2026-08-28T21:21:36Z,SL,44,9703,221
1371848313,2026-08-28T21:21:36Z,AFG,36,7935,220
1371848313,2026-08-28T21:21:36Z,IRE,29,5942,205
1371848313,2026-08-28T21:21:36Z,ZIM,54,10875,201
1371848313,2026-08-28T21:21:36Z,USA,20,3650,183
1371848313,2026-08-28T21:21:36Z,NAM,38,6885,181
1371848313,2026-08-28T21:21:36Z,NED,24,4311,180
1371848313,2026-08-28T21:21:36Z,NEP,43,7699,179
1371848313,2026-08-28T21:21:36Z,SCO,23,4116,179
1371848313,2026-08-28T21:21:36Z,UAE,54,9408,174
1371848313,2026-08-28T21:21:36Z,OMA,43,6619,154
1371848313,2026-08-28T21:21:36Z,CAN,26,3864,149
1371848313,2026-08-28T21:21:36Z,UGA,38,5478,144
1371848313,2026-08-28T21:21:36Z,PNG,20,2743,137
1371848313,2026-08-28T21:21:36Z,ITA,15,1988,133
1371848313,2026-08-28T21:21:36Z,HK,48,6215,129
1371848313,2026-08-28T21:21:36Z,MAS,50,6335,127
1371848313,2026-08-28T21:21:36Z,KUW,29,3585,124
1371848313,2026-08-28T21:21:36Z,ESP,16,1961,123
1371848313,2026-08-28T21:21:36Z,QAT,36,4297,119
1371848313,2026-08-28T21:21:36Z,JER,21,2484,118
1371848313,2026-08-28T21:21:36Z,BHR,65,7636,117
1371848313,2026-08-28T21:21:36Z,BER,20,2295,115
1371848313,2026-08-28T21:21:36Z,SAU,26,2825,109
1371848313,2026-08-28T21:21:36Z,KEN,41,4259,104
1371848313,2026-08-28T21:21:36Z,TAN,30,2967,99
1371848313,2026-08-28T21:21:36Z,POR,28,2525,90
1371848313,2026-08-28T21:21:36Z,GUE,24,2028,85
1371848313,2026-08-28T21:21:36Z,DEN,20,1682,84
1371848313,2026-08-28T21:21:36Z,GER,30,2488,83
1371848313,2026-08-28T21:21:36Z,CAY,24,1915,80
1371848313,2026-08-28T21:21:36Z,NGA,44,3399,77
1371848313,2026-08-28T21:21:36Z,JPN,37,2739,74
1371848313,2026-08-28T21:21:36Z,SIN,31,2211,71
1371848313,2026-08-28T21:21:36Z,AUT,66,4293,65
1371848313,2026-08-28T21:21:36Z,SWE,36,2151,60
1371848313,2026-08-28T21:21:36Z,BEL,33,1923,58
1371848313,2026-08-28T21:21:36Z,FIN,29,1623,56
1371848313,2026-08-28T21:21:36Z,NOR,36,2006,56
1371848313,2026-08-28T21:21:36Z,ARG,14,728,54
1371848313,2026-08-28T21:21:36Z,FRA,35,1753,50
1371848313,2026-08-28T21:21:36Z,ROM,43,2134,50
1371848313,2026-08-28T21:21:36Z,SUI,26,1260,48
1371848313,2026-08-28T21:21:36Z,BOT,32,1530,48
1371848313,2026-08-28T21:21:36Z,COK,14,649,46
1371848313,2026-08-28T21:21:36Z,SAM,21,933,44
1371848313,2026-08-28T21:21:36Z,MWI,41,1807,44
1371848313,2026-08-28T21:21:36Z,RWA,64,2811,44
1371848313,2026-08-28T21:21:36Z,IOM,12,511,43
1371848313,2026-08-28T21:21:36Z,PHI,29,1191,41
1371848313,2026-08-28T21:21:36Z,GHA,15,605,40
1371848313,2026-08-28T21:21:36Z,THA,35,1377,39
1371848313,2026-08-28T21:21:36Z,BAH,18,704,39
1371848313,2026-08-28T21:21:36Z,CAM,29,1109,38
1371848313,2026-08-28T21:21:36Z,IDN,83,3052,37
1371848313,2026-08-28T21:21:36Z,ZAM,16,558,35
1371848313,2026-08-28T21:21:36Z,CYP,26,892,34
1371848313,2026-08-28T21:21:36Z,CZE,21,716,34
1371848313,2026-08-28T21:21:36Z,MLT,39,1326,34
1371848313,2026-08-28T21:21:36Z,VAN,15,491,33
1371848313,2026-08-28T21:21:36Z,ESW,22,713,32
1371848313,2026-08-28T21:21:36Z,HUN,35,1014,29
1371848313,2026-08-28T21:21:36Z,PAN,15,371,25
1371848313,2026-08-28T21:21:36Z,EST,21,513,24
1371848313,2026-08-28T21:21:36Z,CMR,10,213,21
1371848313,2026-08-28T21:21:36Z,BHU,26,519,20
1371848313,2026-08-28T21:21:36Z,BLZ,7,139,20
1371848313,2026-08-28T21:21:36Z,MEX,25,445,18
1371848313,2026-08-28T21:21:36Z,KOR,17,294,17
1371848313,2026-08-28T21:21:36Z,LUX,24,410,17
1371848313,2026-08-28T21:21:36Z,BRA,21,353,17
1371848313,2026-08-28T21:21:36Z,GIB,25,412,16
1371848313,2026-08-28T21:21:36Z,MOZ,17,250,15
1371848313,2026-08-28T21:21:36Z,ISR,12,160,13
1371848313,2026-08-28T21:21:36Z,SLE,27,295,11
1371848313,2026-08-28T21:21:36Z,MDV,13,112,9
1371848313,2026-08-28T21:21:36Z,SUR,10,82,8
1371848313,2026-08-28T21:21:36Z,BUL,25,202,8
1371848313,2026-08-28T21:21:36Z,CRO,24,169,7
1371848313,2026-08-28T21:21:36Z,SEY,7,46,7
1371848313,2026-08-28T21:21:36Z,LES,16,85,5
1371848313,2026-08-28T21:21:36Z,SRB,27,112,4
1371848313,2026-08-28T21:21:36Z,TUR,17,63,4
1371848313,2026-08-28T21:21:36Z,CHN,8,17,2
1371848313,2026-08-28T21:21:36Z,FIJ,9,19,2
1371848313,2026-08-28T21:21:36Z,TLS,8,0,0
1371848313,2026-08-28T21:21:36Z,CIV,9,0,0
1371848313,2026-08-28T21:21:36Z,MGL,7,0,0
1371848313,2026-08-28T21:21:36Z,SHL,7,0,0
1371848313,2026-08-28T21:21:36Z,SLO,17,0,0
1371848313,2026-08-28T21:21:36Z,MYA,23,0,0
1371848313,2026-08-28T21:21:36Z,MLI,10,0,0
1371848313,2026-08-28T21:21:36Z,CRC,12,0,0
