event_id,offer_id,bp_player_id,player,normalized_player,bp_player_team,market,open_line,open_over,open_under,open_book,open_book_under,open_created_over,open_created_under,forecast_at,tip_at,pair_skew_seconds,date,season,season_type,event_home,event_away,open_booksum,open_coherent,rejection_reasons,p_open,game_id,athlete_id,team_id,opponent_team_id,home,matched,void,match_reason,actual,game_date,incumbent_mean,incumbent_median,incumbent_p10,incumbent_p90,incumbent_p_over,incumbent_p_under,incumbent_p_push,incumbent_p_over_nonpush,box_ridge_mean,box_ridge_median,box_ridge_p10,box_ridge_p90,box_ridge_p_over,box_ridge_p_under,box_ridge_p_push,box_ridge_p_over_nonpush,rich_ridge_mean,rich_ridge_median,rich_ridge_p10,rich_ridge_p90,rich_ridge_p_over,rich_ridge_p_under,rich_ridge_p_push,rich_ridge_p_over_nonpush,rich_boost_mean,rich_boost_median,rich_boost_p10,rich_boost_p90,rich_boost_p_over,rich_boost_p_under,rich_boost_p_push,rich_boost_p_over_nonpush
2146,281bad26-028b-4b99-a49a-0a08d461930d,191,Emily Engstler,emilyengstler,PDX,points,9.5,-110.0,-118.0,10,10,2025-05-16 02:12:07+00:00,2025-05-16 02:12:07+00:00,2025-05-16 02:12:07+00:00,2025-05-16 23:30:00+00:00,0.0,2025-05-16,2025,REG,WAS,ATL,1.0650939274792486,True,,0.4909754767731684,401736112,4398729,16,20,1,True,False,matched,5.0,2025-05-16,7.664601933411799,7.0,2.0,15.0,0.3015168707674258,0.6984831292325743,0.0,0.3015168707674258,7.675811106302029,7.0,2.0,15.0,0.30197087035589915,0.6980291296441009,0.0,0.30197087035589915,7.623159906916532,7.0,2.0,15.0,0.29844516421495854,0.7015548357850415,0.0,0.29844516421495854,7.666777983324676,7.0,2.0,15.0,0.30134988723292866,0.6986501127670715,0.0,0.30134988723292866
2146,4b04f15f-0d91-40ed-bbb9-38ee89212cb2,15,Rhyne Howard,rhynehoward,ATL,points,17.5,-130.0,100.0,19,19,2025-05-14 15:10:14+00:00,2025-05-14 15:10:14+00:00,2025-05-14 15:10:14+00:00,2025-05-16 23:30:00+00:00,0.0,2025-05-16,2025,REG,WAS,ATL,1.065217391304348,True,,0.5336835053940976,401736112,4398674,20,16,0,True,False,matched,11.0,2025-05-16,16.994405596724675,15.0,5.0,32.0,0.3992923993106003,0.6007076006893997,0.0,0.3992923993106003,17.070998505686624,15.0,5.0,32.0,0.40353764088123834,0.5964623591187617,0.0,0.40353764088123834,16.785642677853023,15.0,5.0,32.0,0.3935609277439707,0.6064390722560293,0.0,0.3935609277439707,16.40915557652712,14.0,5.0,31.0,0.3804806914880818,0.6195193085119182,0.0,0.3804806914880818
2146,67e48f22-18c1-4ddb-92f1-9d7c08e8eb56,1,Allisha Gray,allishagray,ATL,points,14.5,-114.0,-114.0,10,10,2025-05-14 20:07:38+00:00,2025-05-14 20:07:38+00:00,2025-05-14 20:07:38+00:00,2025-05-16 23:30:00+00:00,0.0,2025-05-16,2025,REG,WAS,ATL,1.0654205607476634,True,,0.5000000000000001,401736112,3058901,20,16,0,True,False,matched,25.0,2025-05-16,15.032237342870587,13.0,4.0,29.0,0.43644090554925463,0.5635590944507454,0.0,0.43644090554925463,14.428366197449526,12.0,4.0,27.0,0.4151161001907651,0.5848838998092348,0.0,0.4151161001907651,14.613352972324057,13.0,4.0,28.0,0.4223380626645636,0.5776619373354364,0.0,0.4223380626645636,14.411242366925409,12.0,4.0,27.0,0.41449501872586053,0.5855049812741394,0.0,0.41449501872586053
2146,8fdae20f-f6f2-4f29-8967-c34ea7d7deb1,149,Sug Sutton,sugsutton,DAL,points,6.5,-115.0,-115.0,49,49,2025-05-16 18:49:17+00:00,2025-05-16 18:49:17+00:00,2025-05-16 18:49:17+00:00,2025-05-16 23:30:00+00:00,0.0,2025-05-16,2025,REG,WAS,ATL,1.0697674418604652,True,,0.5,401736112,4068159,16,20,1,True,False,matched,13.0,2025-05-16,2.019661456543225,2.0,0.0,5.0,0.029895034960954556,0.9701049650390455,0.0,0.029895034960954556,1.3051256234372464,1.0,0.0,3.0,0.005380595582499789,0.9946194044175002,0.0,0.005380595582499789,1.2837074627133138,1.0,0.0,3.0,0.005040037960335514,0.9949599620396645,0.0,0.005040037960335514,1.970693099424203,2.0,0.0,4.0,0.026342448862942788,0.9736575511370572,0.0,0.026342448862942788
2146,92af2fcb-5b9a-41ab-addc-f50c20376362,182,Brittney Sykes,brittneysykes,TOR,points,17.5,105.0,-150.0,33,33,2025-05-15 09:53:20+00:00,2025-05-15 09:53:20+00:00,2025-05-15 09:53:20+00:00,2025-05-16 23:30:00+00:00,0.0,2025-05-16,2025,REG,WAS,ATL,1.0878048780487806,True,,0.44129415758498114,401736112,2988756,16,20,1,True,False,matched,22.0,2025-05-16,12.655964547576188,11.0,3.0,24.0,0.23938584688932488,0.7606141531106752,0.0,0.23938584688932488,11.770005519861796,10.0,3.0,22.0,0.20249598948378786,0.7975040105162121,0.0,0.20249598948378786,11.74319450805097,10.0,3.0,22.0,0.20161172127086696,0.798388278729133,0.0,0.20161172127086696,12.565550106855385,11.0,3.0,24.0,0.2340310118019765,0.7659689881980235,0.0,0.2340310118019765
2146,b01a5415-9060-48fd-8680-115c69fe56a5,170,Jade Melbourne,jademelbourne,SEA,points,8.5,-113.0,-115.0,10,10,2025-05-16 02:12:06+00:00,2025-05-16 02:12:06+00:00,2025-05-16 02:12:06+00:00,2025-05-16 23:30:00+00:00,0.0,2025-05-16,2025,REG,WAS,ATL,1.0654001528551151,True,,0.49774423259931944,401736112,5017726,16,20,1,True,False,matched,11.0,2025-05-16,5.3673372433633535,5.0,1.0,11.0,0.19072556284145356,0.8092744371585465,0.0,0.19072556284145356,5.0557898657293165,4.0,1.0,10.0,0.16525860937401307,0.834741390625987,0.0,0.16525860937401307,5.117627607330678,4.0,1.0,10.0,0.17007120493004815,0.8299287950699519,0.0,0.17007120493004815,5.6238643792711525,5.0,1.0,11.0,0.20846854939587126,0.7915314506041287,0.0,0.20846854939587126
2146,f29250fc-dfe8-4996-81bb-6306605274d8,189,Stefanie Dolson,stefaniedolson,SEA,points,9.5,120.0,-170.0,33,33,2025-05-15 09:53:20+00:00,2025-05-15 09:53:20+00:00,2025-05-15 09:53:20+00:00,2025-05-16 23:30:00+00:00,0.0,2025-05-16,2025,REG,WAS,ATL,1.0841750841750841,True,,0.40856326639475826,401736112,2529183,16,20,1,True,False,matched,6.0,2025-05-16,7.9665618870871215,7.0,2.0,16.0,0.3213528344693485,0.6786471655306514,0.0,0.3213528344693485,7.476439160176105,6.0,2.0,15.0,0.288458845256368,0.7115411547436319,0.0,0.288458845256368,7.416481467117673,6.0,2.0,15.0,0.28441932709298223,0.7155806729070179,0.0,0.28441932709298223,7.53926488335358,6.0,2.0,15.0,0.29271374544258,0.70728625455742,0.0,0.29271374544258
2146,00d3fa5e-15fd-4485-a171-95f067d5a8d9,15,Rhyne Howard,rhynehoward,ATL,rebounds,4.5,102.0,-136.0,10,10,2025-05-14 20:07:38+00:00,2025-05-14 20:07:38+00:00,2025-05-14 20:07:38+00:00,2025-05-16 23:30:00+00:00,0.0,2025-05-16,2025,REG,WAS,ATL,1.071320691391173,True,,0.4579067075572801,401736112,4398674,20,16,0,True,False,matched,2.0,2025-05-16,4.302649823402139,4.0,1.0,8.0,0.4165014154688763,0.5834985845311238,0.0,0.4165014154688763,4.4066552859312615,4.0,1.0,8.0,0.43422317140106964,0.5657768285989304,0.0,0.43422317140106964,4.462368095173477,4.0,1.0,8.0,0.44295934837301315,0.5570406516269869,0.0,0.44295934837301315,4.24481975180134,4.0,1.0,8.0,0.40827968405930054,0.5917203159406995,0.0,0.40827968405930054
2146,0b06fe48-a69f-4903-bd22-2d5f5c2edd96,182,Brittney Sykes,brittneysykes,TOR,rebounds,4.5,-110.0,-130.0,33,33,2025-05-15 09:53:20+00:00,2025-05-15 09:53:20+00:00,2025-05-15 09:53:20+00:00,2025-05-16 23:30:00+00:00,0.0,2025-05-16,2025,REG,WAS,ATL,1.0890269151138718,True,,0.47832076753442404,401736112,2988756,16,20,1,True,False,matched,3.0,2025-05-16,4.170107425188237,4.0,1.0,8.0,0.39574872107079606,0.6042512789292038,0.0,0.39574872107079606,3.844368890720499,4.0,1.0,7.0,0.3435829842987506,0.6564170157012494,0.0,0.3435829842987506,3.7239867834084404,3.0,1.0,7.0,0.32368578528169717,0.6763142147183028,0.0,0.32368578528169717,4.073783426125028,4.0,1.0,7.0,0.380921344309861,0.6190786556901389,0.0,0.380921344309861
2146,4f4afef5-b499-4109-b534-94c2d3a69d05,196,Shakira Austin,shakiraaustin,WAS,rebounds,6.5,-105.0,-135.0,49,49,2025-05-16 15:06:48+00:00,2025-05-16 15:06:48+00:00,2025-05-16 15:06:48+00:00,2025-05-16 23:30:00+00:00,0.0,2025-05-16,2025,REG,WAS,ATL,1.0866632070576026,True,,0.46744138600370294,401736112,4398911,16,20,1,True,True,did_not_play,,2025-05-16,6.250841843293828,6.0,2.0,11.0,0.4201425623866824,0.5798574376133174,0.0,0.4201425623866824,5.860266299191885,5.0,2.0,10.0,0.3728743697122091,0.6271256302877909,0.0,0.3728743697122091,5.722462359835073,5.0,2.0,10.0,0.3554332589104342,0.6445667410895658,0.0,0.3554332589104342,5.830311187141129,5.0,2.0,10.0,0.3690518569604888,0.6309481430395113,0.0,0.3690518569604888
2146,583c5497-573a-49a9-ab9b-1c5fe6f4c869,189,Stefanie Dolson,stefaniedolson,SEA,rebounds,4.5,-115.0,-115.0,33,33,2025-05-16 16:59:33+00:00,2025-05-16 16:59:33+00:00,2025-05-16 16:59:33+00:00,2025-05-16 23:30:00+00:00,0.0,2025-05-16,2025,REG,WAS,ATL,1.0697674418604652,True,,0.5,401736112,2529183,16,20,1,True,False,matched,3.0,2025-05-16,4.520557118380983,4.0,1.0,8.0,0.4498598405839225,0.5501401594160775,0.0,0.4498598405839225,4.0759780951870495,4.0,1.0,7.0,0.3814845767741419,0.6185154232258582,0.0,0.3814845767741419,4.1138802007684365,4.0,1.0,7.0,0.3876477404200553,0.6123522595799448,0.0,0.3876477404200553,4.431124530406772,4.0,1.0,8.0,0.43747512755691115,0.5625248724430888,0.0,0.43747512755691115
2146,76dcb7ae-c41d-4214-80f7-a6de067811bd,191,Emily Engstler,emilyengstler,PDX,rebounds,6.5,-102.0,-130.0,10,10,2025-05-16 02:12:07+00:00,2025-05-16 02:12:07+00:00,2025-05-16 02:12:07+00:00,2025-05-16 23:30:00+00:00,0.0,2025-05-16,2025,REG,WAS,ATL,1.0701678863538528,True,,0.46878765056355093,401736112,4398729,16,20,1,True,False,matched,5.0,2025-05-16,4.965059753096853,5.0,2.0,9.0,0.2611610335079107,0.7388389664920895,0.0,0.2611610335079107,5.232666837580315,5.0,2.0,9.0,0.29304382590772166,0.7069561740922784,0.0,0.29304382590772166,5.157626905741527,5.0,2.0,9.0,0.2834518536903792,0.7165481463096208,0.0,0.2834518536903792,5.667604616412126,5.0,2.0,10.0,0.3485804600868084,0.6514195399131917,0.0,0.3485804600868084
2146,d05fcdcf-fdd0-4fce-a806-bcd1208e3173,1,Allisha Gray,allishagray,ATL,rebounds,4.5,102.0,-136.0,10,10,2025-05-14 20:07:37+00:00,2025-05-14 20:07:37+00:00,2025-05-14 20:07:37+00:00,2025-05-16 23:30:00+00:00,0.0,2025-05-16,2025,REG,WAS,ATL,1.071320691391173,True,,0.4579067075572801,401736112,3058901,20,16,0,True,False,matched,8.0,2025-05-16,4.564069973328537,4.0,1.0,8.0,0.45639548124502316,0.5436045187549768,0.0,0.45639548124502316,4.630162826259909,4.0,2.0,8.0,0.468608681471827,0.5313913185281729,0.0,0.468608681471827,4.673639073196982,4.0,2.0,8.0,0.47524022290488527,0.5247597770951147,0.0,0.47524022290488527,4.702333000607714,4.0,2.0,8.0,0.4786132958980115,0.5213867041019886,0.0,0.4786132958980115
2146,3d9b3fba-14cd-47e5-ace9-016946adccdb,15,Rhyne Howard,rhynehoward,ATL,assists,3.5,105.0,-135.0,24,24,2025-05-14 17:10:28+00:00,2025-05-14 17:10:28+00:00,2025-05-14 17:10:28+00:00,2025-05-16 23:30:00+00:00,0.0,2025-05-16,2025,REG,WAS,ATL,1.0622729631551635,True,,0.45531139401703796,401736112,4398674,20,16,0,True,False,matched,6.0,2025-05-16,3.200137568356505,3.0,1.0,6.0,0.3928774907005499,0.6071225092994501,0.0,0.3928774907005499,2.9882733829898442,3.0,1.0,5.0,0.3499431677311686,0.6500568322688314,0.0,0.3499431677311686,3.1602235175430877,3.0,1.0,6.0,0.38553739534036713,0.6144626046596329,0.0,0.38553739534036713,3.1071120050388648,3.0,1.0,6.0,0.3746232116238366,0.6253767883761634,0.0,0.3746232116238366
2146,47a70e40-b05d-4ec8-b4af-597bcb67d368,191,Emily Engstler,emilyengstler,PDX,assists,2.5,-150.0,120.0,24,24,2025-05-14 17:32:34+00:00,2025-05-14 17:32:34+00:00,2025-05-14 17:32:34+00:00,2025-05-16 23:30:00+00:00,0.0,2025-05-16,2025,REG,WAS,ATL,1.0545454545454547,True,,0.5746986093321318,401736112,4398729,16,20,1,True,False,matched,1.0,2025-05-16,2.0306152810601614,2.0,0.0,4.0,0.33077331257751064,0.6692266874224894,0.0,0.33077331257751064,1.9183835585680233,2.0,0.0,4.0,0.30204659433218145,0.6979534056678185,0.0,0.30204659433218145,1.8987291281608538,2.0,0.0,4.0,0.2969952873268746,0.7030047126731254,0.0,0.2969952873268746,2.066862271236683,2.0,0.0,4.0,0.3402907202273738,0.6597092797726263,0.0,0.3402907202273738
2146,50e69cc2-0509-4ab3-ad57-16cee75fcf27,1,Allisha Gray,allishagray,ATL,assists,2.5,-150.0,120.0,24,24,2025-05-14 17:10:28+00:00,2025-05-14 17:10:28+00:00,2025-05-14 17:10:28+00:00,2025-05-16 23:30:00+00:00,0.0,2025-05-16,2025,REG,WAS,ATL,1.0545454545454547,True,,0.5746986093321318,401736112,3058901,20,16,0,True,False,matched,7.0,2025-05-16,2.7103497190037267,2.0,1.0,5.0,0.4948744914098411,0.5051255085901589,0.0,0.4948744914098411,2.5380660101320833,2.0,1.0,5.0,0.4575253593266566,0.5424746406733434,0.0,0.4575253593266566,2.6898277367135393,2.0,1.0,5.0,0.49263495149694886,0.5073650485030512,0.0,0.49263495149694886,2.6678379247676993,2.0,1.0,5.0,0.48777204304009514,0.5122279569599049,0.0,0.48777204304009514
2146,9545fbbc-7580-4f2a-855c-771d99b1de7c,182,Brittney Sykes,brittneysykes,TOR,assists,3.5,-135.0,105.0,24,24,2025-05-14 17:32:34+00:00,2025-05-14 17:32:34+00:00,2025-05-14 17:32:34+00:00,2025-05-16 23:30:00+00:00,0.0,2025-05-16,2025,REG,WAS,ATL,1.0622729631551635,True,,0.5446886059829622,401736112,2988756,16,20,1,True,False,matched,5.0,2025-05-16,2.909487286984779,3.0,1.0,5.0,0.3336013892395081,0.6663986107604919,0.0,0.3336013892395081,2.6883787845766802,2.0,1.0,5.0,0.2872828866541686,0.7127171133458314,0.0,0.2872828866541686,2.7480639512882186,3.0,1.0,5.0,0.2998166223187117,0.7001833776812882,0.0,0.2998166223187117,2.3863371231218307,2.0,0.0,5.0,0.22538873885710972,0.7746112611428903,0.0,0.22538873885710972
2146,9a605e8b-7fd6-4c0e-b4f4-208a75a1a48b,189,Stefanie Dolson,stefaniedolson,SEA,assists,2.5,-115.0,-115.0,24,24,2025-05-14 17:32:34+00:00,2025-05-14 17:32:34+00:00,2025-05-14 17:32:34+00:00,2025-05-16 23:30:00+00:00,0.0,2025-05-16,2025,REG,WAS,ATL,1.0697674418604652,True,,0.5,401736112,2529183,16,20,1,True,False,matched,3.0,2025-05-16,2.2075030138754514,2.0,0.0,4.0,0.3753324419909814,0.6246675580090186,0.0,0.3753324419909814,1.9393820180212469,2.0,0.0,4.0,0.30746993654654187,0.6925300634534581,0.0,0.30746993654654187,1.9785899910136686,2.0,0.0,4.0,0.3175846767470447,0.6824153232529553,0.0,0.3175846767470447,1.9404070410736787,2.0,0.0,4.0,0.30773930325264637,0.6922606967473537,0.0,0.30773930325264637
2146,e6a6b4ff-a015-4d24-9e43-e39a95377bbe,170,Jade Melbourne,jademelbourne,SEA,assists,2.5,-150.0,120.0,24,24,2025-05-14 17:32:34+00:00,2025-05-14 17:32:34+00:00,2025-05-14 17:32:34+00:00,2025-05-16 23:30:00+00:00,0.0,2025-05-16,2025,REG,WAS,ATL,1.0545454545454547,True,,0.5746986093321318,401736112,5017726,16,20,1,True,False,matched,1.0,2025-05-16,1.6905811937019366,1.0,0.0,4.0,0.24414311046861042,0.7558568895313895,0.0,0.24414311046861042,1.6327337828084805,1.0,0.0,3.0,0.22871846762909565,0.7712815323709044,0.0,0.22871846762909565,1.679744224660179,1.0,0.0,3.0,0.24075432830273197,0.759245671697268,0.0,0.24075432830273197,1.621088971246108,1.0,0.0,3.0,0.22582641575344034,0.7741735842465597,0.0,0.22582641575344034
2146,ef9fc660-24ca-4a80-a801-fd7a4b01ec30,149,Sug Sutton,sugsutton,DAL,assists,4.5,-115.0,-115.0,24,24,2025-05-14 17:32:34+00:00,2025-05-14 17:32:34+00:00,2025-05-14 17:32:34+00:00,2025-05-16 23:30:00+00:00,0.0,2025-05-16,2025,REG,WAS,ATL,1.0697674418604652,True,,0.5,401736112,4068159,16,20,1,True,False,matched,2.0,2025-05-16,1.966768565308108,2.0,0.0,4.0,0.060331075378551716,0.9396689246214482,0.0,0.060331075378551716,1.3768408476898673,1.0,0.0,3.0,0.01686691669836464,0.9831330833016354,0.0,0.01686691669836464,1.497900020751137,1.0,0.0,3.0,0.02309162228295178,0.9769083777170482,0.0,0.02309162228295178,1.5205442351728564,1.0,0.0,3.0,0.024283859663265787,0.9757161403367343,0.0,0.024283859663265787
2146,1369c2c7-96c2-4251-8105-f81763439c60,170,Jade Melbourne,jademelbourne,SEA,threes,0.5,-115.0,-115.0,24,24,2025-05-14 17:47:17+00:00,2025-05-14 17:47:17+00:00,2025-05-14 17:47:17+00:00,2025-05-16 23:30:00+00:00,0.0,2025-05-16,2025,REG,WAS,ATL,1.0697674418604652,True,,0.5,401736112,5017726,16,20,1,True,False,matched,2.0,2025-05-16,0.5519714909139283,0.0,0.0,2.0,0.40797027876267955,0.5920297212373204,0.0,0.40797027876267955,0.4835996069050083,0.0,0.0,1.0,0.37113381508671794,0.6288661849132821,0.0,0.37113381508671794,0.49497027800760945,0.0,0.0,1.0,0.3776480981494375,0.6223519018505625,0.0,0.3776480981494375,0.5619317586425382,0.0,0.0,2.0,0.4146776494251162,0.5853223505748838,0.0,0.4146776494251162
2146,25a267ec-f73f-40ea-b446-a5480e7805fa,1,Allisha Gray,allishagray,ATL,threes,1.5,-135.0,105.0,24,24,2025-05-14 17:14:03+00:00,2025-05-14 17:14:03+00:00,2025-05-14 17:14:03+00:00,2025-05-16 23:30:00+00:00,0.0,2025-05-16,2025,REG,WAS,ATL,1.0622729631551635,True,,0.5446886059829622,401736112,3058901,20,16,0,True,False,matched,6.0,2025-05-16,1.750916406302656,1.0,0.0,4.0,0.4888288840883048,0.5111711159116952,0.0,0.4888288840883048,1.6369689480474663,1.0,0.0,4.0,0.46081315888808744,0.5391868411119124,0.0,0.46081315888808744,1.711263693849763,1.0,0.0,4.0,0.48083535369570946,0.5191646463042906,0.0,0.48083535369570946,1.7499600799682093,1.0,0.0,4.0,0.4912127196093315,0.5087872803906685,0.0,0.4912127196093315
2146,7ea23dd0-1e17-4f6a-a213-7486e2758444,182,Brittney Sykes,brittneysykes,TOR,threes,0.5,-200.0,160.0,24,24,2025-05-14 17:47:17+00:00,2025-05-14 17:47:17+00:00,2025-05-14 17:47:17+00:00,2025-05-16 23:30:00+00:00,0.0,2025-05-16,2025,REG,WAS,ATL,1.051282051282051,True,,0.6446499375340581,401736112,2988756,16,20,1,True,False,matched,1.0,2025-05-16,0.9341005266530249,1.0,0.0,2.0,0.5759988530590533,0.4240011469409467,0.0,0.5759988530590533,0.9386049401038546,1.0,0.0,2.0,0.5800933582172291,0.4199066417827709,0.0,0.5800933582172291,0.9042470466948831,1.0,0.0,2.0,0.5674633341775126,0.4325366658224874,0.0,0.5674633341775126,0.9587544347576012,1.0,0.0,2.0,0.5873922319000675,0.41260776809993255,0.0,0.5873922319000675
2146,897376d9-5bab-44fb-bc91-9738de6786f7,149,Sug Sutton,sugsutton,DAL,threes,0.5,-125.0,-105.0,24,24,2025-05-14 17:47:17+00:00,2025-05-14 17:47:17+00:00,2025-05-14 17:47:17+00:00,2025-05-16 23:30:00+00:00,0.0,2025-05-16,2025,REG,WAS,ATL,1.067750677506775,True,,0.5224258196571001,401736112,4068159,16,20,1,True,False,matched,1.0,2025-05-16,0.24196269941871293,0.0,0.0,1.0,0.2105505647741668,0.7894494352258332,0.0,0.2105505647741668,0.21717335490182704,0.0,0.0,1.0,0.19189696030717157,0.8081030396928284,0.0,0.19189696030717157,0.2917452638973774,0.0,0.0,1.0,0.24751908629947653,0.7524809137005235,0.0,0.24751908629947653,0.3226767494712978,0.0,0.0,1.0,0.2693036631470997,0.7306963368529004,0.0,0.2693036631470997
2146,c6576981-2c08-43b6-94ca-cb54f1a0b4df,15,Rhyne Howard,rhynehoward,ATL,threes,2.5,-140.0,110.0,19,19,2025-05-14 15:10:14+00:00,2025-05-14 15:10:14+00:00,2025-05-14 15:10:14+00:00,2025-05-16 23:30:00+00:00,0.0,2025-05-16,2025,REG,WAS,ATL,1.0595238095238093,True,,0.555167954788897,401736112,4398674,20,16,0,True,False,matched,3.0,2025-05-16,2.51362990811924,2.0,0.0,5.0,0.4326939637941962,0.5673060362058039,0.0,0.4326939637941962,2.532822929179275,2.0,0.0,5.0,0.4386643220075814,0.5613356779924186,0.0,0.4386643220075814,2.495676608180687,2.0,0.0,5.0,0.4308815348602548,0.5691184651397453,0.0,0.4308815348602548,2.454155669188382,2.0,0.0,5.0,0.42228147627185686,0.577718523728143,0.0,0.42228147627185686
2146,cd5efeda-eeed-4d3d-92dc-c11f8b5febd4,191,Emily Engstler,emilyengstler,PDX,threes,0.5,-200.0,160.0,24,24,2025-05-14 17:47:17+00:00,2025-05-14 17:47:17+00:00,2025-05-14 17:47:17+00:00,2025-05-16 23:30:00+00:00,0.0,2025-05-16,2025,REG,WAS,ATL,1.051282051282051,True,,0.6446499375340581,401736112,4398729,16,20,1,True,False,matched,1.0,2025-05-16,1.1318280238678078,1.0,0.0,3.0,0.6403295698757947,0.35967043012420524,0.0,0.6403295698757947,0.9183684908696627,1.0,0.0,2.0,0.5727414344601488,0.4272585655398512,0.0,0.5727414344601488,0.9660016600269676,1.0,0.0,2.0,0.5897486208101665,0.41025137918983345,0.0,0.5897486208101665,1.043585347020416,1.0,0.0,3.0,0.6160595047238049,0.3839404952761951,0.0,0.6160595047238049
2146,d8b56d92-ca26-4822-8045-272059063a88,189,Stefanie Dolson,stefaniedolson,SEA,threes,1.5,100.0,-130.0,24,24,2025-05-14 17:47:17+00:00,2025-05-14 17:47:17+00:00,2025-05-14 17:47:17+00:00,2025-05-16 23:30:00+00:00,0.0,2025-05-16,2025,REG,WAS,ATL,1.065217391304348,True,,0.4663164946059025,401736112,2529183,16,20,1,True,False,matched,2.0,2025-05-16,1.369137358605541,1.0,0.0,3.0,0.381723031178204,0.618276968821796,0.0,0.381723031178204,1.263151813249924,1.0,0.0,3.0,0.3499240353426331,0.6500759646573668,0.0,0.3499240353426331,1.2586842436141914,1.0,0.0,3.0,0.3484841723916084,0.6515158276083917,0.0,0.3484841723916084,1.3738705803723181,1.0,0.0,3.0,0.38447714677769057,0.6155228532223094,0.0,0.38447714677769057
2147,1c46cdad-212f-4965-ba3d-bd93d299b897,64,Teaira McCowan,teairamccowan,FA,points,10.5,-108.0,-120.0,10,10,2025-05-13 13:58:16+00:00,2025-05-13 13:58:16+00:00,2025-05-13 13:58:16+00:00,2025-05-16 23:30:00+00:00,0.0,2025-05-16,2025,REG,DAL,MIN,1.0646853146853146,True,,0.48646030463369283,401736113,3913903,3,8,1,True,False,matched,0.0,2025-05-16,12.29472232005663,11.0,3.0,24.0,0.5026546165361663,0.4973453834638337,0.0,0.5026546165361663,11.47468504641053,10.0,3.0,22.0,0.46776928404339096,0.532230715956609,0.0,0.46776928404339096,11.526806772341796,10.0,3.0,22.0,0.4700833994461548,0.5299166005538452,0.0,0.4700833994461548,11.532004940604399,10.0,3.0,22.0,0.47068575323063716,0.5293142467693628,0.0,0.47068575323063716
2147,462583ca-4978-4b60-9e34-704a38946405,117,Courtney Williams,courtneywilliams,MIN,points,10.5,-114.0,-114.0,10,10,2025-05-13 13:58:16+00:00,2025-05-13 13:58:16+00:00,2025-05-13 13:58:16+00:00,2025-05-16 23:30:00+00:00,0.0,2025-05-16,2025,REG,DAL,MIN,1.0654205607476634,True,,0.5000000000000001,401736113,2987891,8,3,0,True,False,matched,25.0,2025-05-16,13.634406899627557,12.0,4.0,26.0,0.5582972569153077,0.44170274308469226,0.0,0.5582972569153077,13.511807037970557,12.0,4.0,26.0,0.5583927217759719,0.4416072782240282,0.0,0.5583927217759719,13.293971707287126,11.0,4.0,25.0,0.5492085138895166,0.45079148611048336,0.0,0.5492085138895166,13.065492801437694,11.0,4.0,25.0,0.5402691407784036,0.4597308592215964,0.0,0.5402691407784036
2147,6d5f1985-cd8c-4a62-ac97-6ab873f28a85,116,Jessica Shepard,jessicashepard,DAL,points,7.5,-110.0,-118.0,10,10,2025-05-16 01:01:08+00:00,2025-05-16 01:01:08+00:00,2025-05-16 01:01:08+00:00,2025-05-16 23:30:00+00:00,0.0,2025-05-16,2025,REG,DAL,MIN,1.0650939274792486,True,,0.4909754767731684,401736113,3906949,8,3,0,True,False,matched,15.0,2025-05-16,7.514622438543039,6.0,2.0,15.0,0.41619728445826637,0.5838027155417337,0.0,0.41619728445826637,7.064422250213748,6.0,2.0,14.0,0.38483651751039993,0.6151634824896001,0.0,0.38483651751039993,6.866115482050465,6.0,2.0,14.0,0.36955408389212696,0.6304459161078731,0.0,0.36955408389212696,6.546736270679253,6.0,1.0,13.0,0.34453628105893436,0.6554637189410656,0.0,0.34453628105893436
2147,7aa944a2-690d-4257-94dc-179e7c880e0b,115,Natisha Hiedeman,natishahiedeman,SEA,points,5.5,-104.0,-125.0,10,10,2025-05-16 01:13:23+00:00,2025-05-16 01:13:23+00:00,2025-05-16 01:13:23+00:00,2025-05-16 23:30:00+00:00,0.0,2025-05-16,2025,REG,DAL,MIN,1.065359477124183,True,,0.4763687479911608,401736113,3906753,8,3,0,True,False,matched,4.0,2025-05-16,5.495679724778897,5.0,1.0,11.0,0.4139249439562256,0.5860750560437745,0.0,0.4139249439562256,4.955886575643832,4.0,1.0,10.0,0.36284810473229,0.6371518952677099,0.0,0.36284810473229,4.9835041407906475,4.0,1.0,10.0,0.36557759680685564,0.6344224031931442,0.0,0.36557759680685564,5.197019987792962,4.0,1.0,10.0,0.38706560720182026,0.6129343927981796,0.0,0.38706560720182026
2147,9171ed3f-72a4-4a84-a04d-66ac259620f7,63,Arike Ogunbowale,arikeogunbowale,DAL,points,21.5,-104.0,-125.0,10,10,2025-05-13 13:58:16+00:00,2025-05-13 13:58:16+00:00,2025-05-13 13:58:16+00:00,2025-05-16 23:30:00+00:00,0.0,2025-05-16,2025,REG,DAL,MIN,1.065359477124183,True,,0.4763687479911608,401736113,3904577,3,8,1,True,False,matched,16.0,2025-05-16,20.69741532234491,18.0,6.0,39.0,0.39411966832856565,0.6058803316714343,0.0,0.39411966832856565,19.30158911573387,17.0,6.0,36.0,0.3545444467118697,0.6454555532881303,0.0,0.3545444467118697,19.300706633175658,17.0,6.0,36.0,0.35447710723844,0.6455228927615599,0.0,0.35447710723844,19.367688885463025,17.0,6.0,36.0,0.35655719113533113,0.6434428088646689,0.0,0.35655719113533113
2147,d9b8e4c6-b5bd-4ffe-b889-46ebe9398ab1,112,Napheesa Collier,napheesacollier,MIN,points,20.5,-128.0,-102.0,10,10,2025-05-13 13:58:15+00:00,2025-05-13 13:58:15+00:00,2025-05-13 13:58:15+00:00,2025-05-16 23:30:00+00:00,0.0,2025-05-16,2025,REG,DAL,MIN,1.0663540038214347,True,,0.5291749480305961,401736113,3917450,8,3,0,True,False,matched,34.0,2025-05-16,23.04119861249466,20.0,7.0,43.0,0.48374295082759844,0.5162570491724016,0.0,0.48374295082759844,22.97142974993218,20.0,7.0,43.0,0.4855475369705635,0.5144524630294365,0.0,0.4855475369705635,22.819162011773937,20.0,7.0,43.0,0.4813654240288656,0.5186345759711344,0.0,0.4813654240288656,20.52269503458521,18.0,6.0,38.0,0.4188957018072115,0.5811042981927885,0.0,0.4188957018072115
2147,f3d455d1-75b2-4f9e-b17b-a77e4613bf0a,128,Bridget Carleton,bridgetcarleton,PDX,points,9.5,-115.0,-113.0,10,10,2025-05-13 13:58:16+00:00,2025-05-13 13:58:16+00:00,2025-05-13 13:58:16+00:00,2025-05-16 23:30:00+00:00,0.0,2025-05-16,2025,REG,DAL,MIN,1.0654001528551151,True,,0.5022557674006809,401736113,3906972,8,3,0,True,False,matched,3.0,2025-05-16,9.88213198555951,8.0,2.0,19.0,0.4371389382955745,0.5628610617044255,0.0,0.4371389382955745,9.795582639603046,8.0,2.0,19.0,0.434648786344159,0.5653512136558411,0.0,0.434648786344159,9.711392334502124,8.0,2.0,19.0,0.42965339644112005,0.5703466035588801,0.0,0.42965339644112005,9.00743743224773,8.0,2.0,17.0,0.38801995463290717,0.6119800453670929,0.0,0.38801995463290717
2147,67d7954f-bf2a-4327-bba1-96510764fefd,112,Napheesa Collier,napheesacollier,MIN,rebounds,9.5,-118.0,-112.0,10,10,2025-05-13 13:58:16+00:00,2025-05-13 13:58:16+00:00,2025-05-13 13:58:16+00:00,2025-05-16 23:30:00+00:00,0.0,2025-05-16,2025,REG,DAL,MIN,1.0695862904621776,True,,0.5067212711754592,401736113,3917450,8,3,0,True,False,matched,4.0,2025-05-16,8.986273411964541,8.0,4.0,15.0,0.40545740894774757,0.5945425910522525,0.0,0.40545740894774757,9.194325114792044,9.0,4.0,15.0,0.42573408726687595,0.5742659127331241,0.0,0.42573408726687595,9.075295905212537,9.0,4.0,15.0,0.4146898957580481,0.5853101042419518,0.0,0.4146898957580481,8.54061092411515,8.0,4.0,14.0,0.3641763561143713,0.6358236438856288,0.0,0.3641763561143713
2147,6e2c7d19-69dc-4c14-abf7-74ae733a1bee,64,Teaira McCowan,teairamccowan,FA,rebounds,8.5,-118.0,-112.0,10,10,2025-05-13 13:58:16+00:00,2025-05-13 13:58:16+00:00,2025-05-13 13:58:16+00:00,2025-05-16 23:30:00+00:00,0.0,2025-05-16,2025,REG,DAL,MIN,1.0695862904621776,True,,0.5067212711754592,401736113,3913903,3,8,1,True,False,matched,3.0,2025-05-16,8.634865566114945,8.0,4.0,14.0,0.46388271550745863,0.5361172844925414,0.0,0.46388271550745863,8.639824088067298,8.0,4.0,14.0,0.4669769467904787,0.5330230532095214,0.0,0.4669769467904787,8.743254321648763,8.0,4.0,14.0,0.47709002271990336,0.5229099772800966,0.0,0.47709002271990336,8.95932353399031,8.0,4.0,15.0,0.49644099148205495,0.5035590085179449,0.0,0.49644099148205495
2147,72424617-d997-4730-95b7-067dc2554f53,116,Jessica Shepard,jessicashepard,DAL,rebounds,7.5,120.0,-160.0,10,10,2025-05-16 01:01:08+00:00,2025-05-16 01:01:08+00:00,2025-05-16 01:01:08+00:00,2025-05-16 23:30:00+00:00,0.0,2025-05-16,2025,REG,DAL,MIN,1.06993006993007,True,,0.41669493857595097,401736113,3906949,8,3,0,True,False,matched,8.0,2025-05-16,5.739072525664179,5.0,2.0,10.0,0.2559848096399405,0.7440151903600596,0.0,0.2559848096399405,5.5344150368928,5.0,2.0,9.0,0.230729248977292,0.7692707510227079,0.0,0.230729248977292,5.452203248705663,5.0,2.0,9.0,0.22157535401453893,0.7784246459854611,0.0,0.22157535401453893,4.8161523421848145,4.0,2.0,8.0,0.1562224055498363,0.8437775944501636,0.0,0.1562224055498363
2147,acfebdf7-7080-4780-b403-710bcd37fde8,117,Courtney Williams,courtneywilliams,MIN,rebounds,4.5,-106.0,-125.0,10,10,2025-05-13 13:58:16+00:00,2025-05-13 13:58:16+00:00,2025-05-13 13:58:16+00:00,2025-05-16 23:30:00+00:00,0.0,2025-05-16,2025,REG,DAL,MIN,1.070118662351672,True,,0.4787708928615623,401736113,2987891,8,3,0,True,False,matched,4.0,2025-05-16,4.40110617092723,4.0,1.0,8.0,0.431698548699832,0.5683014513001681,0.0,0.431698548699832,4.369539541591406,4.0,1.0,8.0,0.4284059414043238,0.5715940585956761,0.0,0.4284059414043238,4.210210221026572,4.0,1.0,7.0,0.4031594932600765,0.5968405067399235,0.0,0.4031594932600765,4.1907590253904505,4.0,1.0,7.0,0.39968455520724394,0.600315444792756,0.0,0.39968455520724394
2147,c0b4ae58-4382-4b68-97f0-039462ac2db3,63,Arike Ogunbowale,arikeogunbowale,DAL,rebounds,3.5,-144.0,108.0,10,10,2025-05-13 13:58:16+00:00,2025-05-13 13:58:16+00:00,2025-05-13 13:58:16+00:00,2025-05-16 23:30:00+00:00,0.0,2025-05-16,2025,REG,DAL,MIN,1.0709331651954601,True,,0.5566845205396996,401736113,3904577,3,8,1,True,False,matched,2.0,2025-05-16,3.893738115434265,4.0,1.0,7.0,0.5117229337512582,0.48827706624874173,0.0,0.5117229337512582,3.835070495222168,4.0,1.0,7.0,0.5048905959255084,0.49510940407449155,0.0,0.5048905959255084,4.025381045465615,4.0,1.0,7.0,0.5366036588523009,0.4633963411476992,0.0,0.5366036588523009,3.698165165469202,3.0,1.0,7.0,0.48047791542378177,0.5195220845762181,0.0,0.48047791542378177
2147,f971d4f8-9053-4d14-9b84-70655fe7f324,128,Bridget Carleton,bridgetcarleton,PDX,rebounds,3.5,-110.0,-120.0,10,10,2025-05-13 13:58:16+00:00,2025-05-13 13:58:16+00:00,2025-05-13 13:58:16+00:00,2025-05-16 23:30:00+00:00,0.0,2025-05-16,2025,REG,DAL,MIN,1.0692640692640691,True,,0.4887959885212434,401736113,3906972,8,3,0,True,False,matched,7.0,2025-05-16,3.8048183439199517,3.0,1.0,7.0,0.49694147654112997,0.50305852345887,0.0,0.49694147654112997,3.8810582469352726,4.0,1.0,7.0,0.5126597667872608,0.4873402332127393,0.0,0.5126597667872608,3.6699466695509764,3.0,1.0,7.0,0.47639894599992066,0.5236010540000793,0.0,0.47639894599992066,3.4685893864959274,3.0,1.0,6.0,0.439583654851459,0.560416345148541,0.0,0.439583654851459
2147,0e69a99d-820c-4072-ab44-50e2094b0172,117,Courtney Williams,courtneywilliams,MIN,assists,5.5,-130.0,-102.0,10,10,2025-05-13 13:58:16+00:00,2025-05-13 13:58:16+00:00,2025-05-13 13:58:16+00:00,2025-05-16 23:30:00+00:00,0.0,2025-05-16,2025,REG,DAL,MIN,1.0701678863538528,True,,0.5312123494364493,401736113,2987891,8,3,0,True,False,matched,9.0,2025-05-16,5.844911622988718,6.0,2.0,10.0,0.5069702431737048,0.49302975682629524,0.0,0.5069702431737048,5.874442840097359,6.0,3.0,10.0,0.5153294016677099,0.4846705983322901,0.0,0.5153294016677099,5.892616242914081,6.0,3.0,10.0,0.5173688682514875,0.4826311317485124,0.0,0.5173688682514875,5.258038556902879,5.0,2.0,9.0,0.42329269413753273,0.5767073058624672,0.0,0.42329269413753273
2147,21b2bc5b-dd0a-4152-a03c-bc0cbf39550b,112,Napheesa Collier,napheesacollier,MIN,assists,3.5,-118.0,-112.0,10,10,2025-05-13 13:58:15+00:00,2025-05-13 13:58:15+00:00,2025-05-13 13:58:15+00:00,2025-05-16 23:30:00+00:00,0.0,2025-05-16,2025,REG,DAL,MIN,1.0695862904621776,True,,0.5067212711754592,401736113,3917450,8,3,0,True,False,matched,4.0,2025-05-16,3.1006875001856633,3.0,1.0,6.0,0.3727361259911059,0.627263874008894,0.0,0.3727361259911059,3.3463578210337372,3.0,1.0,6.0,0.42367739574278046,0.5763226042572196,0.0,0.42367739574278046,3.2820507783485087,3.0,1.0,6.0,0.4104596354660623,0.5895403645339377,0.0,0.4104596354660623,2.853459684771466,3.0,1.0,5.0,0.3217857475708027,0.6782142524291973,0.0,0.3217857475708027
2147,70b708a7-2628-429a-bca7-5b3b742a6e98,63,Arike Ogunbowale,arikeogunbowale,DAL,assists,4.5,104.0,-138.0,10,10,2025-05-13 13:58:16+00:00,2025-05-13 13:58:16+00:00,2025-05-13 13:58:16+00:00,2025-05-16 23:30:00+00:00,0.0,2025-05-16,2025,REG,DAL,MIN,1.0700280112044818,True,,0.4535791638529251,401736113,3904577,3,8,1,True,False,matched,4.0,2025-05-16,4.923197656346272,5.0,2.0,8.0,0.523394554127478,0.4766054458725219,0.0,0.523394554127478,4.62659072708871,4.0,2.0,8.0,0.47927492728818283,0.5207250727118171,0.0,0.47927492728818283,4.809770925136854,5.0,2.0,8.0,0.5089595908643922,0.49104040913560776,0.0,0.5089595908643922,4.367757353946209,4.0,2.0,7.0,0.4351262532361614,0.5648737467638386,0.0,0.4351262532361614
2147,d6568793-17e1-468c-bc7a-8e7b110030a4,64,Teaira McCowan,teairamccowan,FA,assists,1.5,105.0,-135.0,24,24,2025-05-15 19:06:20+00:00,2025-05-15 19:06:20+00:00,2025-05-15 19:06:20+00:00,2025-05-16 23:30:00+00:00,0.0,2025-05-16,2025,REG,DAL,MIN,1.0622729631551635,True,,0.45531139401703796,401736113,3913903,3,8,1,True,False,matched,0.0,2025-05-16,1.6071764207657657,1.0,0.0,3.0,0.4676822784736399,0.5323177215263601,0.0,0.4676822784736399,1.5363095074619666,1.0,0.0,3.0,0.4475445157338144,0.5524554842661856,0.0,0.4475445157338144,1.5125270265149717,1.0,0.0,3.0,0.4397788562532376,0.5602211437467624,0.0,0.4397788562532376,1.7010832381673167,1.0,0.0,4.0,0.4978933708522069,0.5021066291477931,0.0,0.4978933708522069
2147,019b0e25-ac2b-4bc7-84d9-a6571715db67,63,Arike Ogunbowale,arikeogunbowale,DAL,threes,2.5,-108.0,-122.0,10,10,2025-05-13 13:58:16+00:00,2025-05-13 13:58:16+00:00,2025-05-13 13:58:16+00:00,2025-05-16 23:30:00+00:00,0.0,2025-05-16,2025,REG,DAL,MIN,1.0687803187803186,True,,0.48431040390879443,401736113,3904577,3,8,1,True,False,matched,0.0,2025-05-16,2.764909837089583,2.0,0.0,6.0,0.4824261406611851,0.517573859338815,0.0,0.4824261406611851,2.577893832426835,2.0,0.0,5.0,0.4479477771296643,0.5520522228703356,0.0,0.4479477771296643,2.5975512717750338,2.0,0.0,5.0,0.45190592398428125,0.5480940760157189,0.0,0.45190592398428125,2.4506700973800175,2.0,0.0,5.0,0.4215432941032621,0.5784567058967378,0.0,0.4215432941032621
2147,299f972e-c47d-4ab0-a988-3617ce0a5a40,112,Napheesa Collier,napheesacollier,MIN,threes,1.5,188.0,-260.0,10,10,2025-05-13 13:58:16+00:00,2025-05-13 13:58:16+00:00,2025-05-13 13:58:16+00:00,2025-05-16 23:30:00+00:00,0.0,2025-05-16,2025,REG,DAL,MIN,1.0694444444444444,True,,0.30559904235364327,401736113,3917450,8,3,0,True,False,matched,2.0,2025-05-16,0.9281751535854955,1.0,0.0,2.0,0.239039266571492,0.760960733428508,0.0,0.239039266571492,0.9112336134158968,1.0,0.0,2.0,0.2332351273351534,0.7667648726648466,0.0,0.2332351273351534,0.9722175535509097,1.0,0.0,2.0,0.2540007281717431,0.7459992718282569,0.0,0.2540007281717431,0.8411417837993035,1.0,0.0,2.0,0.20925281528652553,0.7907471847134745,0.0,0.20925281528652553
2147,8eac8edb-8f3e-4dd5-92c1-b15aab8ba594,128,Bridget Carleton,bridgetcarleton,PDX,threes,2.5,154.0,-210.0,10,10,2025-05-13 13:58:16+00:00,2025-05-13 13:58:16+00:00,2025-05-13 13:58:16+00:00,2025-05-16 23:30:00+00:00,0.0,2025-05-16,2025,REG,DAL,MIN,1.0711201422402845,True,,0.352871101734947,401736113,3906972,8,3,0,True,False,matched,1.0,2025-05-16,2.1081470148386683,2.0,0.0,4.0,0.34537892356876715,0.6546210764312328,0.0,0.34537892356876715,1.974641655463116,2.0,0.0,4.0,0.3153400887956044,0.6846599112043955,0.0,0.3153400887956044,2.07345315927905,2.0,0.0,4.0,0.33811577687931393,0.6618842231206861,0.0,0.33811577687931393,1.6999027028398275,1.0,0.0,4.0,0.25077328588719217,0.7492267141128077,0.0,0.25077328588719217
2149,04845953-d4b7-4f38-bbf1-d6b623af118a,137,Breanna Stewart,breannastewart,NYL,points,20.5,-125.0,-105.0,19,19,2025-05-14 15:24:14+00:00,2025-05-14 15:24:14+00:00,2025-05-14 15:24:14+00:00,2025-05-17 17:00:00+00:00,0.0,2025-05-17,2025,REG,NYL,LVA,1.067750677506775,True,,0.5224258196571001,401736116,2998928,9,17,1,True,False,matched,25.0,2025-05-17,19.401593309307902,17.0,5.0,37.0,0.3843461496181343,0.6156538503818657,0.0,0.3843461496181343,20.202656271503983,18.0,6.0,38.0,0.4095090544426815,0.5904909455573185,0.0,0.4095090544426815,19.54019730240746,17.0,6.0,37.0,0.38969522343699314,0.6103047765630069,0.0,0.38969522343699314,19.81629609160375,17.0,6.0,37.0,0.39813633881737376,0.6018636611826262,0.0,0.39813633881737376
2149,29ade203-e4fa-4383-960c-6323cb70cecd,102,Jackie Young,jackieyoung,LVA,points,15.5,-105.0,-125.0,19,19,2025-05-14 15:24:14+00:00,2025-05-14 15:24:14+00:00,2025-05-14 15:24:14+00:00,2025-05-17 17:00:00+00:00,0.0,2025-05-17,2025,REG,NYL,LVA,1.067750677506775,True,,0.47757418034290006,401736116,4065870,17,9,0,True,False,matched,16.0,2025-05-17,12.811632826803393,11.0,3.0,25.0,0.3097634224134056,0.6902365775865944,0.0,0.3097634224134056,11.853190615733709,10.0,3.0,23.0,0.2677107230883042,0.7322892769116958,0.0,0.2677107230883042,11.989137672031955,10.0,3.0,23.0,0.2737753717012204,0.7262246282987797,0.0,0.2737753717012204,13.10457341343445,11.0,4.0,25.0,0.3219271835920758,0.6780728164079242,0.0,0.3219271835920758
2149,8f680478-f593-4ae4-b9a0-9afd801e9708,107,Chelsea Gray,chelseagray,LVA,points,9.5,-122.0,-106.0,10,10,2025-05-14 17:38:16+00:00,2025-05-14 17:38:16+00:00,2025-05-14 17:38:16+00:00,2025-05-17 17:00:00+00:00,0.0,2025-05-17,2025,REG,NYL,LVA,1.064112656345666,True,,0.518058368553134,401736116,2529122,17,9,0,True,False,matched,12.0,2025-05-17,9.94542040532049,9.0,2.0,19.0,0.44063428133211713,0.5593657186678829,0.0,0.44063428133211713,9.92448885984466,9.0,3.0,19.0,0.4419571133963823,0.5580428866036178,0.0,0.4419571133963823,9.799649801993521,8.0,2.0,19.0,0.43470035492148706,0.5652996450785128,0.0,0.43470035492148706,9.904518170132341,9.0,3.0,19.0,0.44091688196479634,0.5590831180352037,0.0,0.44091688196479634
2149,a3bad779-7ba0-4462-854d-9b2ff794867e,132,Sabrina Ionescu,sabrinaionescu,NYL,points,18.5,-110.0,-120.0,19,19,2025-05-14 15:24:14+00:00,2025-05-14 15:24:14+00:00,2025-05-14 15:24:14+00:00,2025-05-17 17:00:00+00:00,0.0,2025-05-17,2025,REG,NYL,LVA,1.0692640692640691,True,,0.4887959885212434,401736116,4066533,9,17,1,True,False,matched,8.0,2025-05-17,15.479619913260631,13.0,4.0,30.0,0.31526148796821635,0.6847385120317837,0.0,0.31526148796821635,15.921816385503599,14.0,5.0,30.0,0.33088360888287527,0.6691163911171247,0.0,0.33088360888287527,15.38088541110665,13.0,4.0,29.0,0.31144360532265297,0.688556394677347,0.0,0.31144360532265297,15.123892461233691,13.0,4.0,29.0,0.30202816669354243,0.6979718333064575,0.0,0.30202816669354243
2149,cf8b1cc4-7e08-44c9-bab4-a03b8b6a0766,103,A'ja Wilson,ajawilson,LVA,points,25.5,-110.0,-120.0,19,19,2025-05-14 15:24:14+00:00,2025-05-14 15:24:14+00:00,2025-05-14 15:24:14+00:00,2025-05-17 17:00:00+00:00,0.0,2025-05-17,2025,REG,NYL,LVA,1.0692640692640691,True,,0.4887959885212434,401736116,3149391,17,9,0,True,False,matched,31.0,2025-05-17,22.50345704428565,19.0,6.0,42.0,0.34367674932584696,0.656323250674153,0.0,0.34367674932584696,21.874707300610385,19.0,7.0,41.0,0.3274969918936536,0.6725030081063463,0.0,0.3274969918936536,21.868551419170487,19.0,7.0,41.0,0.3273431436467572,0.6726568563532428,0.0,0.3273431436467572,20.821019358782756,18.0,6.0,39.0,0.2992893329294641,0.7007106670705359,0.0,0.2992893329294641
2149,dbc0627e-15a1-49fb-826f-db89019615ac,141,Jonquel Jones,jonqueljones,NYL,points,13.5,-122.0,-106.0,10,10,2025-05-14 17:45:36+00:00,2025-05-14 17:45:36+00:00,2025-05-14 17:45:36+00:00,2025-05-17 17:00:00+00:00,0.0,2025-05-17,2025,REG,NYL,LVA,1.064112656345666,True,,0.518058368553134,401736116,2999101,9,17,1,True,False,matched,17.0,2025-05-17,14.52817947059269,12.0,4.0,28.0,0.45735628696277986,0.5426437130372201,0.0,0.45735628696277986,13.820734126886341,12.0,4.0,26.0,0.4314732215386226,0.5685267784613774,0.0,0.4314732215386226,14.040534432856228,12.0,4.0,27.0,0.4403865019052311,0.5596134980947689,0.0,0.4403865019052311,13.797693747720297,12.0,4.0,26.0,0.43058977571169205,0.569410224288308,0.0,0.43058977571169205
2149,ea027c60-467e-4fb1-90a7-c340e8ee8bf4,147,Leonie Fiebich,leoniefiebich,NYL,points,8.5,-122.0,-106.0,10,10,2025-05-16 04:40:52+00:00,2025-05-16 04:40:52+00:00,2025-05-16 04:40:52+00:00,2025-05-17 17:00:00+00:00,0.0,2025-05-17,2025,REG,NYL,LVA,1.064112656345666,True,,0.518058368553134,401736116,4683006,9,17,1,True,False,matched,2.0,2025-05-17,10.361152020273911,9.0,3.0,20.0,0.5220628587398035,0.4779371412601965,0.0,0.5220628587398035,9.907652194031403,9.0,3.0,19.0,0.5018313828066392,0.49816861719336075,0.0,0.5018313828066392,10.007130622132308,9.0,3.0,19.0,0.5070011578397439,0.4929988421602561,0.0,0.5070011578397439,10.510536897054962,9.0,3.0,20.0,0.534100443009235,0.46589955699076496,0.0,0.534100443009235
2149,15009c14-5de3-4d2d-b935-cb1238224a80,103,A'ja Wilson,ajawilson,LVA,rebounds,11.5,-115.0,-115.0,19,19,2025-05-14 15:24:14+00:00,2025-05-14 15:24:14+00:00,2025-05-14 15:24:14+00:00,2025-05-17 17:00:00+00:00,0.0,2025-05-17,2025,REG,NYL,LVA,1.0697674418604652,True,,0.5,401736116,3149391,17,9,0,True,False,matched,16.0,2025-05-17,10.497293596010326,10.0,5.0,17.0,0.3739446320557725,0.6260553679442276,0.0,0.3739446320557725,10.424681466759612,10.0,5.0,17.0,0.3677271062720255,0.6322728937279745,0.0,0.3677271062720255,10.402697999707764,10.0,5.0,17.0,0.3658971682929142,0.6341028317070858,0.0,0.3658971682929142,9.799822661134748,9.0,4.0,16.0,0.3166358593772402,0.6833641406227597,0.0,0.3166358593772402
2149,2422abd8-34dc-4f17-9132-477f0f1285b7,108,Kiah Stokes,kiahstokes,GSV,rebounds,6.5,-120.0,-120.0,49,49,2025-05-17 14:15:55+00:00,2025-05-17 14:15:55+00:00,2025-05-17 14:15:55+00:00,2025-05-17 17:00:00+00:00,0.0,2025-05-17,2025,REG,NYL,LVA,1.0909090909090908,True,,0.5,401736116,2590093,17,9,0,True,False,matched,7.0,2025-05-17,4.034250106865491,4.0,1.0,7.0,0.1517634583710841,0.8482365416289159,0.0,0.1517634583710841,3.303342061194788,3.0,1.0,6.0,0.07847936374912062,0.9215206362508794,0.0,0.07847936374912062,3.17865338850133,3.0,1.0,6.0,0.06853012601940499,0.931469873980595,0.0,0.06853012601940499,2.727090887098134,2.0,1.0,5.0,0.039445656844723294,0.9605543431552767,0.0,0.039445656844723294
2149,2ab0f00f-813f-430d-b359-be703b88044f,137,Breanna Stewart,breannastewart,NYL,rebounds,8.5,-120.0,-110.0,19,19,2025-05-14 15:24:14+00:00,2025-05-14 15:24:14+00:00,2025-05-14 15:24:14+00:00,2025-05-17 17:00:00+00:00,0.0,2025-05-17,2025,REG,NYL,LVA,1.0692640692640691,True,,0.5112040114787568,401736116,2998928,9,17,1,True,False,matched,8.0,2025-05-17,9.340003606061506,9.0,4.0,15.0,0.5281596941514765,0.4718403058485236,0.0,0.5281596941514765,9.385349029756302,9.0,4.0,15.0,0.536764042792711,0.46323595720728905,0.0,0.536764042792711,9.399232696033904,9.0,4.0,15.0,0.5381594270505626,0.4618405729494373,0.0,0.5381594270505626,8.956752667236936,8.0,4.0,15.0,0.4962010305509208,0.5037989694490792,0.0,0.4962010305509208
2149,579c5d05-e0ac-4fe1-a049-acac8b67950c,132,Sabrina Ionescu,sabrinaionescu,NYL,rebounds,4.5,-106.0,-125.0,10,10,2025-05-14 17:34:37+00:00,2025-05-14 17:34:37+00:00,2025-05-14 17:34:37+00:00,2025-05-17 17:00:00+00:00,0.0,2025-05-17,2025,REG,NYL,LVA,1.070118662351672,True,,0.4787708928615623,401736116,4066533,9,17,1,True,False,matched,7.0,2025-05-17,5.052462397470379,5.0,2.0,9.0,0.5264832180388149,0.4735167819611851,0.0,0.5264832180388149,4.808401878755296,4.0,2.0,8.0,0.49515989199863036,0.5048401080013697,0.0,0.49515989199863036,4.814405141324547,4.0,2.0,8.0,0.4961343814297874,0.5038656185702127,0.0,0.4961343814297874,5.006913095173895,5.0,2.0,9.0,0.5225877498430955,0.47741225015690447,0.0,0.5225877498430955
2149,5c3d8f29-dd40-4146-883f-97be55aa51ca,147,Leonie Fiebich,leoniefiebich,NYL,rebounds,3.5,-172.0,128.0,10,10,2025-05-16 04:40:52+00:00,2025-05-16 04:40:52+00:00,2025-05-16 04:40:52+00:00,2025-05-17 17:00:00+00:00,0.0,2025-05-17,2025,REG,NYL,LVA,1.0709494324045408,True,,0.6004234693007796,401736116,4683006,9,17,1,True,False,matched,4.0,2025-05-17,3.942030053316139,4.0,1.0,7.0,0.519621347245023,0.48037865275497693,0.0,0.519621347245023,4.118689408137552,4.0,1.0,7.0,0.5514481742632795,0.4485518257367205,0.0,0.5514481742632795,4.086304191837125,4.0,1.0,7.0,0.5464150708259637,0.45358492917403637,0.0,0.5464150708259637,3.94092892490995,4.0,1.0,7.0,0.5216059774714065,0.4783940225285935,0.0,0.5216059774714065
2149,887fd7a4-85ad-4b45-bd10-c4e224b7d4d8,107,Chelsea Gray,chelseagray,LVA,rebounds,3.5,-125.0,-105.0,33,33,2025-05-17 15:18:38+00:00,2025-05-17 15:18:38+00:00,2025-05-17 15:18:38+00:00,2025-05-17 17:00:00+00:00,0.0,2025-05-17,2025,REG,NYL,LVA,1.067750677506775,True,,0.5224258196571001,401736116,2529122,17,9,0,True,False,matched,3.0,2025-05-17,2.8900344313365673,3.0,1.0,6.0,0.3298403113485262,0.6701596886514737,0.0,0.3298403113485262,2.9276856409662444,3.0,1.0,6.0,0.33722184212652023,0.6627781578734798,0.0,0.33722184212652023,2.883757998663661,3.0,1.0,5.0,0.32861315497134436,0.6713868450286556,0.0,0.32861315497134436,2.9429164113583397,3.0,1.0,6.0,0.340155637591841,0.659844362408159,0.0,0.340155637591841
2149,ba2cb7bf-6ae2-4a5d-bb6c-009c716a1ea6,102,Jackie Young,jackieyoung,LVA,rebounds,4.5,134.0,-180.0,10,10,2025-05-14 17:34:37+00:00,2025-05-14 17:34:37+00:00,2025-05-14 17:34:37+00:00,2025-05-17 17:00:00+00:00,0.0,2025-05-17,2025,REG,NYL,LVA,1.0702075702075702,True,,0.38834080463047865,401736116,4065870,17,9,0,True,False,matched,5.0,2025-05-17,4.52643195687883,4.0,1.0,8.0,0.45074480438835046,0.5492551956116495,0.0,0.45074480438835046,4.001756445136839,4.0,1.0,7.0,0.36940538196445966,0.6305946180355402,0.0,0.36940538196445966,4.06546207560553,4.0,1.0,7.0,0.37979707978791744,0.6202029202120825,0.0,0.37979707978791744,4.605338289099579,4.0,2.0,8.0,0.46410176898416267,0.5358982310158372,0.0,0.46410176898416267
2149,c211fc04-c37e-433f-bff6-39ecffe70f6f,141,Jonquel Jones,jonqueljones,NYL,rebounds,8.5,-130.0,-102.0,10,10,2025-05-14 17:45:36+00:00,2025-05-14 17:45:36+00:00,2025-05-14 17:45:36+00:00,2025-05-17 17:00:00+00:00,0.0,2025-05-17,2025,REG,NYL,LVA,1.0701678863538528,True,,0.5312123494364493,401736116,2999101,9,17,1,True,False,matched,10.0,2025-05-17,8.233482854100009,8.0,3.0,14.0,0.4252379768675318,0.5747620231324682,0.0,0.4252379768675318,8.188100387748,8.0,4.0,13.0,0.4221384104561168,0.5778615895438832,0.0,0.4221384104561168,8.178254629966082,8.0,4.0,13.0,0.4211854020428175,0.5788145979571825,0.0,0.4211854020428175,8.096819656231505,8.0,3.0,13.0,0.41253936772013483,0.5874606322798652,0.0,0.41253936772013483
2149,220e2327-a005-442b-bc21-c1fc884c4a82,102,Jackie Young,jackieyoung,LVA,assists,4.5,-110.0,-120.0,19,19,2025-05-14 15:24:14+00:00,2025-05-14 15:24:14+00:00,2025-05-14 15:24:14+00:00,2025-05-17 17:00:00+00:00,0.0,2025-05-17,2025,REG,NYL,LVA,1.0692640692640691,True,,0.4887959885212434,401736116,4065870,17,9,0,True,False,matched,5.0,2025-05-17,4.095373696986403,4.0,1.0,7.0,0.38683857131628047,0.6131614286837195,0.0,0.38683857131628047,3.575759144302695,3.0,1.0,6.0,0.2949434625998733,0.7050565374001267,0.0,0.2949434625998733,3.695267255371498,3.0,1.0,6.0,0.31632904907192816,0.6836709509280718,0.0,0.31632904907192816,3.5182354381108394,3.0,1.0,6.0,0.28483773727739775,0.7151622627226022,0.0,0.28483773727739775
2149,7b62c6a9-1d7d-4bf4-9ff4-707ee5a48e1b,132,Sabrina Ionescu,sabrinaionescu,NYL,assists,5.5,-125.0,-105.0,19,19,2025-05-17 13:44:44+00:00,2025-05-17 13:44:44+00:00,2025-05-17 13:44:44+00:00,2025-05-17 17:00:00+00:00,0.0,2025-05-17,2025,REG,NYL,LVA,1.067750677506775,True,,0.5224258196571001,401736116,4066533,9,17,1,True,False,matched,4.0,2025-05-17,5.797131709005201,6.0,2.0,10.0,0.5002810402028597,0.4997189597971403,0.0,0.5002810402028597,5.484251836721124,5.0,2.0,9.0,0.4578856980741452,0.5421143019258547,0.0,0.4578856980741452,5.553580885233069,5.0,2.0,9.0,0.46793842473665903,0.532061575263341,0.0,0.46793842473665903,5.171150556960459,5.0,2.0,9.0,0.40988554980528547,0.5901144501947145,0.0,0.40988554980528547
2149,969738d7-d4d0-4aff-8ba4-bad80a1d992e,147,Leonie Fiebich,leoniefiebich,NYL,assists,2.5,145.0,-180.0,24,24,2025-05-16 20:02:17+00:00,2025-05-16 20:02:17+00:00,2025-05-16 20:02:17+00:00,2025-05-17 17:00:00+00:00,0.0,2025-05-17,2025,REG,NYL,LVA,1.0510204081632653,True,,0.37967339061397504,401736116,4683006,9,17,1,True,False,matched,1.0,2025-05-17,2.3513215788188906,2.0,0.0,5.0,0.410790077468708,0.589209922531292,0.0,0.410790077468708,2.363305782965263,2.0,0.0,5.0,0.41513196454858037,0.5848680354514196,0.0,0.41513196454858037,2.2999961810718808,2.0,0.0,4.0,0.3992668129460578,0.6007331870539422,0.0,0.3992668129460578,2.197152030882761,2.0,0.0,4.0,0.37350389130862066,0.6264961086913794,0.0,0.37350389130862066
2149,a35d5902-dfe9-4af0-9185-53ca0818f567,103,A'ja Wilson,ajawilson,LVA,assists,2.5,120.0,-150.0,24,24,2025-05-16 19:58:07+00:00,2025-05-16 19:58:07+00:00,2025-05-16 19:58:07+00:00,2025-05-17 17:00:00+00:00,0.0,2025-05-17,2025,REG,NYL,LVA,1.0545454545454547,True,,0.4253013906678685,401736116,3149391,17,9,0,True,False,matched,3.0,2025-05-17,2.3230004067941668,2.0,0.0,5.0,0.40387514549423204,0.596124854505768,0.0,0.40387514549423204,1.962036915024548,2.0,0.0,4.0,0.3133187622613269,0.6866812377386731,0.0,0.3133187622613269,2.106272448630211,2.0,0.0,4.0,0.35035059422446424,0.6496494057755358,0.0,0.35035059422446424,2.116095838405962,2.0,0.0,4.0,0.3528922237044776,0.6471077762955224,0.0,0.3528922237044776
2149,a9581242-f065-4144-bcd4-82e5e48d628b,141,Jonquel Jones,jonqueljones,NYL,assists,2.5,-135.0,105.0,24,24,2025-05-16 19:58:07+00:00,2025-05-16 19:58:07+00:00,2025-05-16 19:58:07+00:00,2025-05-17 17:00:00+00:00,0.0,2025-05-17,2025,REG,NYL,LVA,1.0622729631551635,True,,0.5446886059829622,401736116,2999101,9,17,1,True,False,matched,6.0,2025-05-17,2.4478305736537864,2.0,0.0,5.0,0.434072592565446,0.5659274074345539,0.0,0.434072592565446,2.603454785678054,2.0,1.0,5.0,0.47296806747815645,0.5270319325218435,0.0,0.47296806747815645,2.4673491792836773,2.0,1.0,5.0,0.4403249103006928,0.5596750896993072,0.0,0.4403249103006928,2.3268291371803835,2.0,0.0,4.0,0.40602203609879184,0.5939779639012082,0.0,0.40602203609879184
2149,e8a39f87-02f1-432e-a9b3-48d45be69690,107,Chelsea Gray,chelseagray,LVA,assists,5.5,118.0,-158.0,10,10,2025-05-14 17:38:16+00:00,2025-05-14 17:38:16+00:00,2025-05-14 17:38:16+00:00,2025-05-17 17:00:00+00:00,0.0,2025-05-17,2025,REG,NYL,LVA,1.0711186971054691,True,,0.42034729080094674,401736116,2529122,17,9,0,True,False,matched,4.0,2025-05-17,5.5179987780826805,5.0,2.0,9.0,0.46030220575401,0.53969779424599,0.0,0.46030220575401,5.282137148222566,5.0,2.0,9.0,0.42709154457989285,0.5729084554201072,0.0,0.42709154457989285,5.301980160624096,5.0,2.0,9.0,0.42992366224959594,0.5700763377504041,0.0,0.42992366224959594,5.337897273784223,5.0,2.0,9.0,0.43553435983009053,0.5644656401699095,0.0,0.43553435983009053
2149,fbf323b0-2638-4f1d-8987-e3e1f6eb158d,137,Breanna Stewart,breannastewart,NYL,assists,3.5,112.0,-148.0,10,10,2025-05-14 17:34:37+00:00,2025-05-14 17:34:37+00:00,2025-05-14 17:34:37+00:00,2025-05-17 17:00:00+00:00,0.0,2025-05-17,2025,REG,NYL,LVA,1.0684723067559343,True,,0.43527724698320036,401736116,2998928,9,17,1,True,False,matched,3.0,2025-05-17,3.4732393215319117,3.0,1.0,6.0,0.44698470851282873,0.5530152914871713,0.0,0.44698470851282873,3.3514202194649285,3.0,1.0,6.0,0.42470026768378605,0.5752997323162139,0.0,0.42470026768378605,3.3656632558525557,3.0,1.0,6.0,0.42736317054671713,0.5726368294532829,0.0,0.42736317054671713,3.1028464191931575,3.0,1.0,6.0,0.3737402431881265,0.6262597568118735,0.0,0.3737402431881265
2149,00a66768-ea24-46e9-8344-eb42442a3e6d,137,Breanna Stewart,breannastewart,NYL,threes,1.5,100.0,-132.0,10,10,2025-05-14 17:34:37+00:00,2025-05-14 17:34:37+00:00,2025-05-14 17:34:37+00:00,2025-05-17 17:00:00+00:00,0.0,2025-05-17,2025,REG,NYL,LVA,1.0689655172413794,True,,0.46430627616618364,401736116,2998928,9,17,1,True,False,matched,0.0,2025-05-17,1.107824998074572,1.0,0.0,3.0,0.2990835957768449,0.700916404223155,0.0,0.2990835957768449,1.3093035602123444,1.0,0.0,3.0,0.36445823870045374,0.6355417612995463,0.0,0.36445823870045374,1.1896562949247913,1.0,0.0,3.0,0.32632730171403623,0.6736726982859638,0.0,0.32632730171403623,1.1485428154430808,1.0,0.0,3.0,0.3129633755017544,0.6870366244982455,0.0,0.3129633755017544
2149,088bfd56-6970-4bfe-9d46-4420f599b0a4,107,Chelsea Gray,chelseagray,LVA,threes,1.5,178.0,-245.0,10,10,2025-05-14 17:38:16+00:00,2025-05-14 17:38:16+00:00,2025-05-14 17:38:16+00:00,2025-05-17 17:00:00+00:00,0.0,2025-05-17,2025,REG,NYL,LVA,1.0698571577520593,True,,0.3183263503331576,401736116,2529122,17,9,0,True,False,matched,3.0,2025-05-17,1.233513919269471,1.0,0.0,3.0,0.3396680316479008,0.6603319683520992,0.0,0.3396680316479008,1.2903569617171573,1.0,0.0,3.0,0.35851804854478775,0.6414819514552123,0.0,0.35851804854478775,1.2411748271680847,1.0,0.0,3.0,0.34290725563039626,0.6570927443696037,0.0,0.34290725563039626,1.280056241911358,1.0,0.0,3.0,0.3553204305791758,0.6446795694208243,0.0,0.3553204305791758
2149,37122b67-15ed-4098-bc53-8c76a8372375,132,Sabrina Ionescu,sabrinaionescu,NYL,threes,2.5,-140.0,110.0,19,19,2025-05-14 15:24:14+00:00,2025-05-14 15:24:14+00:00,2025-05-14 15:24:14+00:00,2025-05-17 17:00:00+00:00,0.0,2025-05-17,2025,REG,NYL,LVA,1.0595238095238093,True,,0.555167954788897,401736116,4066533,9,17,1,True,False,matched,0.0,2025-05-17,2.4391041733025656,2.0,0.0,5.0,0.4172648583870868,0.5827351416129132,0.0,0.4172648583870868,2.580416749942387,2.0,0.0,5.0,0.44846406136953115,0.5515359386304688,0.0,0.44846406136953115,2.433500138908203,2.0,0.0,5.0,0.4177698934244975,0.5822301065755026,0.0,0.4177698934244975,2.487651725917074,2.0,0.0,5.0,0.42934204718811403,0.5706579528118859,0.0,0.42934204718811403
2149,8f322992-05c3-46af-ac46-cb1272636de7,103,A'ja Wilson,ajawilson,LVA,threes,0.5,-140.0,110.0,24,24,2025-05-16 19:58:07+00:00,2025-05-16 19:58:07+00:00,2025-05-16 19:58:07+00:00,2025-05-17 17:00:00+00:00,0.0,2025-05-17,2025,REG,NYL,LVA,1.0595238095238093,True,,0.555167954788897,401736116,3149391,17,9,0,True,False,matched,1.0,2025-05-17,0.47892590466344453,0.0,0.0,1.0,0.36734678473574867,0.6326532152642513,0.0,0.36734678473574867,0.459902109133857,0.0,0.0,1.0,0.3572384500146658,0.6427615499853342,0.0,0.3572384500146658,0.45086991240954966,0.0,0.0,1.0,0.3518235049095523,0.6481764950904477,0.0,0.3518235049095523,0.5019369372297162,0.0,0.0,1.0,0.38170070557961416,0.6182992944203859,0.0,0.38170070557961416
2149,cbd86a0d-e593-40af-9cc2-fa84b1875e69,147,Leonie Fiebich,leoniefiebich,NYL,threes,1.5,-186.0,138.0,10,10,2025-05-16 04:40:52+00:00,2025-05-16 04:40:52+00:00,2025-05-16 04:40:52+00:00,2025-05-17 17:00:00+00:00,0.0,2025-05-17,2025,REG,NYL,LVA,1.070517717576541,True,,0.6192913524286012,401736116,4683006,9,17,1,True,False,matched,0.0,2025-05-17,1.9016612110268183,2.0,0.0,4.0,0.5263303725127573,0.47366962748724284,0.0,0.5263303725127573,1.697541344486625,1.0,0.0,4.0,0.47723461184205074,0.5227653881579493,0.0,0.47723461184205074,1.7895939355437553,2.0,0.0,4.0,0.5012771790222165,0.4987228209777836,0.0,0.5012771790222165,1.724650785265108,1.0,0.0,4.0,0.48456154115375943,0.5154384588462406,0.0,0.48456154115375943
2149,e0935dad-b4e0-4cee-93e6-20d3062bd470,102,Jackie Young,jackieyoung,LVA,threes,1.5,148.0,-200.0,10,10,2025-05-14 17:34:38+00:00,2025-05-14 17:34:38+00:00,2025-05-14 17:34:38+00:00,2025-05-17 17:00:00+00:00,0.0,2025-05-17,2025,REG,NYL,LVA,1.0698924731182795,True,,0.3634985050458517,401736116,4065870,17,9,0,True,False,matched,4.0,2025-05-17,1.87524573788207,2.0,0.0,4.0,0.5199532927854609,0.4800467072145392,0.0,0.5199532927854609,1.8035855478674538,2.0,0.0,4.0,0.5049157594211651,0.49508424057883493,0.0,0.5049157594211651,1.7605778983700207,1.0,0.0,4.0,0.4937912374715919,0.5062087625284082,0.0,0.4937912374715919,1.8212038708517557,2.0,0.0,4.0,0.5095202353032652,0.4904797646967347,0.0,0.5095202353032652
2149,f20320ff-eaf4-4982-836f-f7813484c74d,141,Jonquel Jones,jonqueljones,NYL,threes,1.5,116.0,-154.0,10,10,2025-05-14 17:45:36+00:00,2025-05-14 17:45:36+00:00,2025-05-14 17:45:36+00:00,2025-05-17 17:00:00+00:00,0.0,2025-05-17,2025,REG,NYL,LVA,1.0692621755613883,True,,0.425792012343204,401736116,2999101,9,17,1,True,False,matched,1.0,2025-05-17,1.2409652343876723,1.0,0.0,3.0,0.34202796347543474,0.6579720365245653,0.0,0.34202796347543474,1.1300932554267784,1.0,0.0,3.0,0.3068728464896493,0.6931271535103507,0.0,0.3068728464896493,1.168780106286883,1.0,0.0,3.0,0.31953935777242176,0.6804606422275783,0.0,0.31953935777242176,1.128111890462329,1.0,0.0,3.0,0.30624432706265065,0.6937556729373493,0.0,0.30624432706265065
2150,1bb82e5e-7644-4627-a182-695eeab26462,68,Caitlin Clark,caitlinclark,IND,points,21.5,-125.0,-105.0,19,19,2025-05-14 15:24:15+00:00,2025-05-14 15:24:15+00:00,2025-05-14 15:24:15+00:00,2025-05-17 19:00:00+00:00,0.0,2025-05-17,2025,REG,IND,CHI,1.067750677506775,True,,0.5224258196571001,401736115,4433403,5,19,1,True,False,matched,20.0,2025-05-17,20.386024988941458,18.0,6.0,39.0,0.3853571078821289,0.614642892117871,0.0,0.3853571078821289,19.96066780237696,17.0,6.0,37.0,0.37420399654540737,0.6257960034545926,0.0,0.37420399654540737,19.712661102998336,17.0,6.0,37.0,0.3667995220944568,0.6332004779055431,0.0,0.3667995220944568,19.29311149837634,17.0,6.0,36.0,0.3543066196658228,0.6456933803341772,0.0,0.3543066196658228
2150,8a5fb64b-9386-4720-b847-548ce6d42af1,26,Angel Reese,angelreese,ATL,points,14.5,-120.0,-110.0,19,19,2025-05-14 15:24:15+00:00,2025-05-14 15:24:15+00:00,2025-05-14 15:24:15+00:00,2025-05-17 19:00:00+00:00,0.0,2025-05-17,2025,REG,IND,CHI,1.0692640692640691,True,,0.5112040114787568,401736115,4433402,19,5,0,True,False,matched,12.0,2025-05-17,14.694424513613532,13.0,4.0,28.0,0.42354470308981956,0.5764552969101804,0.0,0.42354470308981956,14.678781977153111,13.0,4.0,28.0,0.42509066517436855,0.5749093348256316,0.0,0.42509066517436855,14.486890490979317,13.0,4.0,27.0,0.41730841207585884,0.5826915879241411,0.0,0.41730841207585884,14.715274158520272,13.0,4.0,28.0,0.42660718755045735,0.5733928124495425,0.0,0.42660718755045735
2150,8b634773-1a7e-4646-b68b-64520e2ef5f2,71,Aliyah Boston,aliyahboston,IND,points,12.5,-120.0,-108.0,10,10,2025-05-14 16:54:18+00:00,2025-05-14 16:54:18+00:00,2025-05-14 16:54:18+00:00,2025-05-17 19:00:00+00:00,0.0,2025-05-17,2025,REG,IND,CHI,1.0646853146853146,True,,0.5135396953663074,401736115,4432831,5,19,1,True,False,matched,19.0,2025-05-17,15.062242546003784,13.0,4.0,29.0,0.5198851308368879,0.48011486916311213,0.0,0.5198851308368879,14.364680090471081,12.0,4.0,27.0,0.4973967607653813,0.5026032392346187,0.0,0.4973967607653813,14.523085065094941,13.0,4.0,28.0,0.5033137725989152,0.4966862274010848,0.0,0.5033137725989152,14.323506800501496,12.0,4.0,27.0,0.4958966347257322,0.5041033652742678,0.0,0.4958966347257322
2150,a893c99d-9048-4261-9e27-5667bf2a92a7,30,Kamilla Cardoso,kamillacardoso,CHI,points,10.5,-128.0,-102.0,10,10,2025-05-14 16:50:40+00:00,2025-05-14 16:50:40+00:00,2025-05-14 16:50:40+00:00,2025-05-17 19:00:00+00:00,0.0,2025-05-17,2025,REG,IND,CHI,1.0663540038214347,True,,0.5291749480305961,401736115,4433405,19,5,0,True,False,matched,7.0,2025-05-17,10.807099838000473,9.0,3.0,21.0,0.4316173209012898,0.5683826790987102,0.0,0.4316173209012898,9.003082002501747,8.0,2.0,17.0,0.3324483347544855,0.6675516652455145,0.0,0.3324483347544855,9.174562661791457,8.0,2.0,18.0,0.34264722009831633,0.6573527799016837,0.0,0.34264722009831633,9.89687626969604,9.0,3.0,19.0,0.3845371424251296,0.6154628575748704,0.0,0.3845371424251296
