date,cum_units
2017-07-28,-0.1800000000000006
2017-07-29,0.4199999999999995
2017-07-30,-2.5800000000000005
2017-07-31,-0.1800000000000006
2017-08-04,-4.23
2017-08-05,2.58
2017-08-06,2.9499999999999997
2017-08-07,0.23999999999999977
2017-08-08,-1.7400000000000002
2017-08-10,-3.74
2017-08-11,-7.09
2017-08-12,-1.92
2017-08-13,-0.24
2017-08-14,-2.24
2017-08-15,-6.41
2017-08-16,-5.54
2017-08-18,-8.219999999999999
2017-08-19,-1.1199999999999983
2017-08-20,-5.769999999999998
2017-08-21,-5.919999999999998
2017-08-25,-2.3299999999999987
2017-08-26,-3.479999999999999
2017-08-27,-0.6299999999999994
2017-08-28,-2.059999999999999
2017-09-01,-3.059999999999999
2017-09-02,-5.399999999999999
2017-09-03,-3.6799999999999984
2017-09-05,-2.4299999999999984
2017-09-08,-2.7299999999999986
2017-09-09,5.2700000000000005
2017-09-10,19.12
2017-09-11,20.52
2017-09-12,19.1
2017-09-13,19.970000000000002
2017-09-15,18.690000000000005
2017-09-16,33.52
2017-09-17,32.970000000000006
2017-09-18,34.88
2017-09-19,33.400000000000006
2017-09-20,52.650000000000006
2017-09-21,52.900000000000006
2017-09-22,52.010000000000005
2017-09-23,47.650000000000006
2017-09-24,52.25000000000001
2017-09-25,51.43000000000001
2017-09-26,51.63000000000001
2017-09-27,52.58000000000001
2017-09-29,49.98000000000001
2017-09-30,49.71000000000001
2017-10-01,38.91000000000001
2017-10-02,40.500000000000014
2017-10-03,39.000000000000014
2017-10-04,39.73000000000001
2017-10-07,36.74000000000001
2017-10-08,32.48000000000001
2017-10-10,33.85000000000001
2017-10-11,36.470000000000006
2017-10-13,39.910000000000004
2017-10-14,27.960000000000004
2017-10-15,30.240000000000006
2017-10-16,27.240000000000006
2017-10-17,36.440000000000005
2017-10-20,37.300000000000004
2017-10-21,73.62
2017-10-22,68.0
2017-10-23,74.85
2017-10-24,76.71
2017-10-25,74.91
2017-10-27,78.17999999999999
2017-10-28,73.41999999999999
2017-10-29,82.99999999999999
2017-10-30,77.32999999999998
2017-10-31,83.10999999999999
2017-11-01,81.10999999999999
2017-11-03,76.67999999999998
2017-11-04,59.46999999999998
2017-11-05,60.34999999999998
2017-11-06,64.04999999999998
2017-11-08,63.04999999999998
2017-11-11,61.719999999999985
2017-11-12,68.56999999999998
2017-11-13,67.56999999999998
2017-11-17,69.82999999999998
2017-11-18,75.14999999999998
2017-11-19,77.86999999999998
2017-11-20,86.12999999999998
2017-11-21,83.27999999999999
2017-11-22,80.27999999999999
2017-11-24,75.82
2017-11-25,69.63
2017-11-26,60.36
2017-11-27,59.26
2017-11-28,60.4
2017-11-29,58.32
2017-12-01,49.879999999999995
2017-12-02,69.61
2017-12-03,72.08
2017-12-04,72.25999999999999
2017-12-05,73.1
2017-12-08,78.88
2017-12-09,79.21
2017-12-10,76.36999999999999
2017-12-11,75.77
2017-12-12,76.19999999999999
2017-12-13,65.04999999999998
2017-12-14,64.43999999999998
2017-12-15,64.43999999999998
2017-12-16,62.23999999999998
2017-12-17,76.20999999999998
2017-12-18,78.88999999999999
2017-12-19,77.13999999999999
2017-12-20,82.99999999999999
2017-12-21,86.32
2017-12-22,88.6
2017-12-23,103.39999999999999
2017-12-24,100.66999999999999
2017-12-25,101.66999999999999
2017-12-26,114.08999999999999
2017-12-27,110.38999999999999
2017-12-28,112.09999999999998
2017-12-29,110.36999999999998
2017-12-30,115.51999999999998
2017-12-31,113.51999999999998
2018-01-01,111.32999999999998
2018-01-02,110.82999999999998
2018-01-03,113.70999999999998
2018-01-04,111.70999999999998
2018-01-05,110.70999999999998
2018-01-06,104.52999999999997
2018-01-07,111.42999999999998
2018-01-08,112.13999999999997
2018-01-09,115.53999999999998
2018-01-12,114.49999999999997
2018-01-13,129.18999999999997
2018-01-14,125.39999999999996
2018-01-15,124.64999999999996
2018-01-16,137.01999999999995
2018-01-17,138.28999999999996
2018-01-19,140.40999999999997
2018-01-20,154.53999999999996
2018-01-21,161.05999999999997
2018-01-22,159.05999999999997
2018-01-23,162.11999999999998
2018-01-24,163.08999999999997
2018-01-26,159.39
2018-01-27,165.7
2018-01-28,160.85
2018-01-29,159.45
2018-01-30,160.10999999999999
2018-01-31,154.16
2018-02-02,152.82999999999998
2018-02-03,181.69
2018-02-04,190.7
2018-02-05,187.95
2018-02-06,188.85
2018-02-07,188.91
2018-02-09,185.85
2018-02-10,200.1
2018-02-11,206.07
2018-02-12,204.81
2018-02-13,204.06
2018-02-16,208.35
2018-02-17,201.10999999999999
2018-02-18,199.32
2018-02-19,198.4
2018-02-20,193.65
2018-02-21,191.95000000000002
2018-02-23,193.12
2018-02-24,184.65
2018-02-25,174.59
2018-02-26,174.73
2018-02-27,177.39999999999998
2018-02-28,175.78999999999996
2018-03-01,172.63999999999996
2018-03-02,165.58999999999995
2018-03-03,168.80999999999995
2018-03-04,173.12999999999994
2018-03-05,173.09999999999994
2018-03-06,166.31999999999994
2018-03-07,166.39999999999995
2018-03-09,169.43999999999994
2018-03-10,190.14999999999995
2018-03-11,184.25999999999996
2018-03-12,181.52999999999997
2018-03-13,187.59999999999997
2018-03-14,186.58999999999997
2018-03-16,192.17999999999998
2018-03-17,169.32
2018-03-18,174.82
2018-03-19,174.07999999999998
2018-03-20,176.54
2018-03-24,167.48999999999998
2018-03-25,167.71999999999997
2018-03-27,167.41999999999996
2018-03-28,169.66999999999996
2018-03-29,163.04999999999995
2018-03-30,162.52999999999994
2018-03-31,151.06999999999994
2018-04-01,157.77999999999994
2018-04-02,160.53999999999994
2018-04-03,154.70999999999992
2018-04-04,154.9099999999999
2018-04-06,161.67999999999992
2018-04-07,151.80999999999992
2018-04-08,146.6999999999999
2018-04-09,150.1999999999999
2018-04-10,158.1899999999999
2018-04-12,160.7899999999999
2018-04-13,160.77999999999992
2018-04-14,164.9199999999999
2018-04-15,160.7199999999999
2018-04-16,163.2199999999999
2018-04-17,157.54999999999993
2018-04-18,161.67999999999992
2018-04-19,159.07999999999993
2018-04-20,155.17999999999992
2018-04-21,168.64999999999992
2018-04-22,183.39999999999992
2018-04-23,179.89999999999992
2018-04-24,176.58999999999992
2018-04-25,178.63999999999993
2018-04-27,174.28999999999994
2018-04-28,227.57999999999993
2018-04-29,227.12999999999994
2018-04-30,222.30999999999995
2018-05-01,224.04999999999995
2018-05-04,226.78999999999996
2018-05-05,225.65999999999997
2018-05-06,233.61999999999998
2018-05-07,229.61999999999998
2018-05-08,234.67
2018-05-09,236.75
2018-05-10,235.75
2018-05-11,235.46
2018-05-12,249.57
2018-05-13,252.43
2018-05-14,252.64000000000001
2018-05-18,248.25
2018-05-19,249.63
2018-05-20,255.57999999999998
2018-05-21,254.57999999999998
2018-05-27,252.57999999999998
2018-06-02,250.10999999999999
2018-07-27,248.55999999999997
2018-07-28,248.78999999999996
2018-07-29,249.07999999999996
2018-08-03,248.75999999999996
2018-08-04,243.84999999999997
2018-08-05,240.84999999999997
2018-08-06,239.84999999999997
2018-08-07,238.23999999999995
2018-08-10,238.39999999999995
2018-08-11,245.88999999999996
2018-08-12,238.72999999999996
2018-08-13,238.75999999999996
2018-08-14,242.50999999999996
2018-08-17,244.45999999999995
2018-08-18,266.28
2018-08-19,274.79999999999995
2018-08-20,277.78
2018-08-21,281.03
2018-08-22,281.92999999999995
2018-08-24,280.05999999999995
2018-08-25,269.62999999999994
2018-08-26,263.88999999999993
2018-08-27,267.48999999999995
2018-08-31,260.98999999999995
2018-09-01,253.04999999999995
2018-09-02,255.04999999999995
2018-09-03,253.04999999999995
2018-09-04,252.39999999999995
2018-09-08,251.79999999999995
2018-09-09,251.86999999999995
2018-09-14,247.96999999999994
2018-09-15,248.22999999999993
2018-09-16,242.06999999999994
2018-09-17,243.40999999999994
2018-09-18,244.41999999999993
2018-09-19,246.99999999999994
2018-09-21,246.73999999999995
2018-09-22,237.01999999999995
2018-09-23,248.19999999999996
2018-09-24,250.26999999999995
2018-09-25,265.91999999999996
2018-09-26,281.09999999999997
2018-09-27,282.30999999999995
2018-09-28,284.48999999999995
2018-09-29,296.16999999999996
2018-09-30,303.21
2018-10-01,300.15999999999997
2018-10-02,292.93999999999994
2018-10-03,293.5899999999999
2018-10-05,292.4699999999999
2018-10-06,308.6599999999999
2018-10-07,312.9799999999999
2018-10-08,320.6299999999999
2018-10-12,319.6299999999999
2018-10-13,318.8899999999999
2018-10-14,316.8899999999999
2018-10-15,317.6899999999999
2018-10-19,323.9099999999999
2018-10-20,316.6499999999999
2018-10-21,316.2799999999999
2018-10-22,319.1799999999999
2018-10-23,319.6299999999999
2018-10-24,321.6299999999999
2018-10-26,331.90999999999985
2018-10-27,343.42999999999984
2018-10-28,351.73999999999984
2018-10-29,350.1999999999998
2018-10-30,358.2199999999998
2018-10-31,354.1699999999998
2018-11-01,353.1699999999998
2018-11-02,356.06999999999977
2018-11-03,367.62999999999977
2018-11-04,367.6799999999998
2018-11-05,371.37999999999977
2018-11-09,364.82999999999976
2018-11-10,363.3699999999998
2018-11-11,360.0899999999998
2018-11-17,367.1899999999998
2018-11-18,365.7099999999998
2018-11-19,367.80999999999983
2018-11-23,364.72999999999985
2018-11-24,373.28999999999985
2018-11-25,364.96999999999986
2018-11-26,366.21999999999986
2018-11-27,374.84999999999985
2018-11-28,377.99999999999983
2018-11-30,374.59999999999985
2018-12-01,372.86999999999983
2018-12-02,364.85999999999984
2018-12-03,360.04999999999984
2018-12-04,359.70999999999987
2018-12-05,355.84999999999985
2018-12-07,361.8199999999999
2018-12-08,362.76999999999987
2018-12-09,373.8699999999999
2018-12-10,374.51999999999987
2018-12-11,371.51999999999987
2018-12-14,375.35999999999984
2018-12-15,380.36999999999983
2018-12-16,392.4599999999998
2018-12-17,396.2099999999998
2018-12-18,401.4699999999998
2018-12-19,400.1399999999998
2018-12-21,401.0799999999998
2018-12-22,401.9399999999998
2018-12-23,408.4399999999998
2018-12-24,406.4399999999998
2018-12-26,424.54999999999984
2018-12-27,422.92999999999984
2018-12-29,419.27999999999986
2018-12-30,414.6299999999999
2019-01-01,414.27999999999986
2019-01-02,412.59999999999985
2019-01-03,410.9499999999999
2019-01-04,411.09999999999985
2019-01-05,418.40999999999985
2019-01-06,441.90999999999985
2019-01-07,448.2599999999999
2019-01-08,449.45999999999987
2019-01-10,448.45999999999987
2019-01-11,447.45999999999987
2019-01-12,458.0699999999999
2019-01-13,454.20999999999987
2019-01-14,453.4299999999999
2019-01-15,453.9899999999999
2019-01-16,455.9999999999999
2019-01-18,453.9399999999999
2019-01-19,454.2899999999999
2019-01-20,462.3299999999999
2019-01-21,468.9699999999999
2019-01-22,466.9699999999999
2019-01-23,465.9699999999999
2019-01-25,465.4999999999999
2019-01-26,466.6999999999999
2019-01-27,474.5699999999999
2019-01-28,483.46999999999986
2019-01-29,489.45999999999987
2019-01-30,487.08999999999986
2019-01-31,489.23999999999984
2019-02-01,497.15999999999985
2019-02-02,482.34999999999985
2019-02-03,476.5099999999999
2019-02-04,480.78999999999985
2019-02-06,479.08999999999986
2019-02-07,479.45999999999987
2019-02-08,482.7499999999999
2019-02-09,493.2499999999999
2019-02-10,489.7999999999999
2019-02-11,494.6199999999999
2019-02-12,501.6999999999999
2019-02-13,505.08999999999986
2019-02-15,509.90999999999985
2019-02-16,505.11999999999983
2019-02-17,510.04999999999984
2019-02-18,506.54999999999984
2019-02-19,504.64999999999986
2019-02-20,507.72999999999985
2019-02-22,505.35999999999984
2019-02-23,486.02999999999986
2019-02-24,494.70999999999987
2019-02-25,493.0599999999999
2019-02-26,497.8499999999999
2019-02-27,489.1699999999999
2019-03-01,500.7499999999999
2019-03-02,501.95999999999987
2019-03-03,496.57999999999987
2019-03-04,501.08999999999986
2019-03-05,497.3099999999999
2019-03-08,497.5999999999999
2019-03-09,493.7499999999999
2019-03-10,497.6599999999999
2019-03-11,495.25999999999993
2019-03-12,495.73999999999995
2019-03-13,500.59
2019-03-15,502.40999999999997
2019-03-16,514.86
2019-03-17,517.19
2019-03-18,516.19
2019-03-19,516.7600000000001
2019-03-22,518.3100000000001
2019-03-23,515.96
2019-03-24,516.4200000000001
2019-03-26,523.98
2019-03-27,522.98
2019-03-29,530.46
2019-03-30,535.0500000000001
2019-03-31,529.73
2019-04-01,531.98
2019-04-02,539.5500000000001
2019-04-03,537.7500000000001
2019-04-04,538.9200000000001
2019-04-05,533.1300000000001
2019-04-06,543.5600000000001
2019-04-07,544.32
2019-04-08,544.07
2019-04-09,546.4200000000001
2019-04-10,547.4200000000001
2019-04-12,541.2
2019-04-13,551.74
2019-04-14,552.36
2019-04-15,551.53
2019-04-16,555.28
2019-04-17,559.42
2019-04-19,546.9399999999999
2019-04-20,548.0899999999999
2019-04-21,556.9399999999999
2019-04-22,549.15
2019-04-23,550.26
2019-04-24,551.76
2019-04-25,550.14
2019-04-26,548.89
2019-04-27,541.38
2019-04-28,540.5
2019-04-29,537.5
2019-04-30,550.23
2019-05-01,549.23
2019-05-03,562.59
2019-05-04,553.5600000000001
2019-05-05,541.7500000000001
2019-05-06,542.8100000000001
2019-05-10,539.0100000000001
2019-05-11,547.57
2019-05-12,557.61
2019-05-13,557.49
2019-05-15,557.19
2019-05-16,556.19
2019-05-17,554.6800000000001
2019-05-18,545.7800000000001
2019-05-19,558.0500000000001
2019-05-20,556.1500000000001
2019-05-24,570.2
2019-05-25,571.0
2019-05-26,572.55
2019-05-31,573.65
2019-06-02,572.65
2019-06-04,567.65
2019-06-08,566.64
2019-06-09,567.84
2019-07-26,564.6700000000001
2019-07-27,565.4200000000001
2019-07-28,568.0400000000001
2019-07-29,567.0400000000001
2019-08-02,580.2300000000001
2019-08-03,579.8600000000001
2019-08-04,579.8700000000001
2019-08-05,584.3500000000001
2019-08-06,595.3300000000002
2019-08-09,593.4000000000002
2019-08-10,577.2500000000002
2019-08-11,578.6700000000002
2019-08-13,579.6700000000002
2019-08-16,585.9000000000002
2019-08-17,613.2300000000002
2019-08-18,625.4000000000002
2019-08-19,626.0500000000002
2019-08-20,633.0200000000002
2019-08-21,637.3000000000002
2019-08-23,632.7000000000002
2019-08-24,638.8800000000001
2019-08-25,640.1400000000001
2019-08-26,640.3900000000001
2019-08-28,638.3900000000001
2019-08-30,638.8600000000001
2019-08-31,637.1200000000001
2019-09-01,635.4100000000001
2019-09-02,633.4100000000001
2019-09-03,631.8100000000001
2019-09-04,630.8100000000001
2019-09-06,632.8100000000001
2019-09-07,640.59
2019-09-08,640.2900000000001
2019-09-13,644.7600000000001
2019-09-14,626.4600000000002
2019-09-15,616.4200000000002
2019-09-16,614.4200000000002
2019-09-17,616.8000000000002
2019-09-19,619.1000000000001
2019-09-20,615.4000000000001
2019-09-21,633.4100000000001
2019-09-22,640.3100000000001
2019-09-23,635.3100000000001
2019-09-24,636.94
2019-09-25,638.71
2019-09-26,641.76
2019-09-27,647.66
2019-09-28,639.85
2019-09-29,638.6700000000001
2019-09-30,638.09
2019-10-01,637.2
2019-10-02,637.71
2019-10-03,635.71
2019-10-04,638.09
2019-10-05,617.59
2019-10-06,606.8000000000001
2019-10-07,604.8000000000001
2019-10-08,603.8000000000001
2019-10-09,602.8000000000001
2019-10-12,605.34
2019-10-13,603.34
2019-10-18,604.07
2019-10-19,608.7600000000001
2019-10-20,609.3900000000001
2019-10-21,613.7400000000001
2019-10-22,612.1600000000001
2019-10-23,610.69
2019-10-25,607.57
2019-10-26,591.7
2019-10-27,589.2900000000001
2019-10-28,592.6300000000001
2019-10-29,594.6000000000001
2019-10-30,590.8600000000001
2019-10-31,589.6700000000001
2019-11-01,583.5400000000001
2019-11-02,604.1700000000001
2019-11-03,600.4000000000001
2019-11-04,594.8600000000001
2019-11-05,594.1800000000002
2019-11-08,600.0000000000002
2019-11-09,616.8000000000002
2019-11-10,642.6200000000002
2019-11-11,640.6200000000002
2019-11-12,641.2300000000002
2019-11-16,643.0300000000002
2019-11-17,640.0300000000002
2019-11-22,642.6400000000002
2019-11-23,659.8500000000003
2019-11-24,653.7400000000002
2019-11-25,653.9800000000002
2019-11-26,655.2700000000002
2019-11-27,655.0200000000002
2019-11-29,658.0000000000002
2019-11-30,658.9000000000002
2019-12-01,659.1800000000002
2019-12-02,658.2700000000002
2019-12-03,663.4500000000002
2019-12-04,663.5200000000002
2019-12-06,660.6800000000002
2019-12-07,658.8300000000002
2019-12-08,661.8000000000002
2019-12-09,662.1900000000002
2019-12-10,662.3600000000001
2019-12-11,661.3600000000001
2019-12-13,656.8200000000002
2019-12-14,674.7800000000002
2019-12-15,675.8300000000002
2019-12-16,674.0300000000002
2019-12-17,670.0300000000002
2019-12-18,670.1200000000002
2019-12-19,670.4800000000002
2019-12-20,680.5600000000003
2019-12-21,682.3900000000003
2019-12-22,690.9000000000003
2019-12-23,692.5100000000003
2019-12-26,690.8000000000003
2019-12-27,690.4000000000003
2019-12-28,687.3700000000003
2019-12-29,683.6100000000004
2019-12-30,684.4300000000004
2020-01-01,689.5900000000004
2020-01-02,690.2200000000004
2020-01-03,692.1300000000003
2020-01-04,692.6300000000003
2020-01-05,700.2000000000004
2020-01-06,699.4900000000004
2020-01-07,699.6800000000004
2020-01-10,695.5400000000004
2020-01-11,687.7900000000004
2020-01-12,685.2400000000005
2020-01-13,685.1700000000004
2020-01-14,684.0700000000004
2020-01-15,687.0000000000003
2020-01-16,685.6300000000003
2020-01-17,682.0600000000003
2020-01-18,689.6100000000002
2020-01-19,695.2000000000003
2020-01-20,693.2000000000003
2020-01-21,687.7500000000002
2020-01-22,682.7800000000002
2020-01-23,681.8900000000002
2020-01-24,684.1000000000003
2020-01-25,691.1300000000002
2020-01-26,704.0000000000002
2020-01-27,702.5300000000002
2020-01-28,707.0500000000002
2020-01-29,705.3100000000002
2020-01-31,700.7700000000002
2020-02-01,686.6200000000002
2020-02-02,691.3500000000003
2020-02-03,690.3500000000003
2020-02-04,687.5900000000003
2020-02-05,692.7800000000003
2020-02-07,692.5800000000003
2020-02-08,707.3000000000003
2020-02-09,697.6400000000003
2020-02-10,696.6400000000003
2020-02-11,694.2500000000003
2020-02-12,695.7000000000004
2020-02-13,694.7000000000004
2020-02-14,707.1500000000004
2020-02-15,697.7000000000004
2020-02-16,694.8200000000004
2020-02-17,694.3900000000004
2020-02-18,693.9400000000004
2020-02-19,696.1400000000004
2020-02-21,684.9400000000004
2020-02-22,684.6500000000004
2020-02-23,672.3200000000004
2020-02-24,672.8100000000004
2020-02-25,678.7800000000004
2020-02-26,680.6700000000004
2020-02-28,690.0500000000004
2020-02-29,710.0100000000004
2020-03-01,710.7600000000004
2020-03-02,712.0000000000005
2020-03-03,717.0800000000005
2020-03-04,719.0300000000005
2020-03-06,721.1500000000005
2020-03-07,736.0000000000006
2020-03-08,731.9800000000006
2020-03-09,730.2600000000006
2020-03-10,731.2500000000006
2020-03-11,728.2500000000006
2020-03-13,729.6600000000005
2020-03-14,726.2800000000005
2020-03-15,732.4300000000005
2020-03-17,731.4300000000005
2020-05-16,731.1600000000005
2020-05-17,728.1600000000005
2020-05-18,727.1600000000005
2020-05-22,726.1600000000005
2020-05-23,723.7200000000005
2020-05-24,723.5700000000005
2020-05-26,727.1700000000005
2020-05-27,722.1700000000005
2020-05-28,723.5700000000005
2020-05-29,722.5700000000005
2020-05-30,723.0600000000005
2020-05-31,721.5600000000005
2020-06-01,721.1600000000005
2020-06-03,716.1600000000005
2020-06-04,716.7600000000006
2020-06-05,721.1600000000005
2020-06-06,726.4500000000005
2020-06-07,725.5100000000004
2020-06-08,723.5100000000004
2020-06-09,720.5100000000004
2020-06-10,719.5100000000004
2020-06-11,718.4700000000005
2020-06-12,721.2500000000005
2020-06-13,727.4200000000004
2020-06-14,737.9100000000004
2020-06-15,734.8600000000005
2020-06-16,737.7200000000005
2020-06-17,731.0200000000004
2020-06-18,727.4400000000004
2020-06-19,725.4800000000004
2020-06-20,739.9000000000003
2020-06-21,738.6000000000004
2020-06-22,743.5200000000003
2020-06-23,739.5000000000003
2020-06-24,749.8500000000004
2020-06-25,757.7000000000004
2020-06-26,763.5200000000004
2020-06-27,760.3600000000005
2020-06-28,760.2800000000004
2020-06-29,755.9100000000004
2020-06-30,759.0100000000004
2020-07-01,763.3200000000004
2020-07-02,767.0600000000004
2020-07-03,764.1100000000004
2020-07-04,759.7100000000004
2020-07-05,776.6700000000004
2020-07-06,780.0400000000004
2020-07-07,786.4400000000004
2020-07-08,773.9200000000004
2020-07-09,777.8000000000004
2020-07-10,774.8000000000004
2020-07-11,782.4700000000004
2020-07-12,797.9100000000004
2020-07-13,800.5800000000004
2020-07-14,804.3300000000004
2020-07-15,803.2000000000004
2020-07-16,801.2800000000004
2020-07-17,799.2500000000005
2020-07-18,793.5300000000004
2020-07-19,808.9200000000004
2020-07-20,808.1000000000004
2020-07-21,808.7900000000004
2020-07-22,805.4200000000004
2020-07-23,810.5900000000004
2020-07-24,812.7000000000004
2020-07-25,814.8000000000004
2020-07-26,820.9500000000004
2020-07-27,822.2900000000004
2020-07-28,822.4100000000004
2020-07-29,828.7100000000004
2020-07-31,824.7100000000004
2020-08-01,823.5300000000004
2020-08-02,819.0400000000004
2020-08-03,818.0400000000004
2020-08-07,817.0400000000004
2020-08-08,818.1400000000004
2020-08-09,823.7600000000004
2020-08-10,825.8600000000005
2020-08-14,827.0600000000005
2020-08-15,827.3900000000006
2020-08-16,831.0800000000006
2020-08-21,832.2100000000006
2020-08-22,827.7600000000006
2020-08-23,822.4100000000005
2020-08-24,819.4100000000005
2020-08-28,818.4100000000005
2020-08-29,824.3300000000005
2020-08-30,817.9100000000005
2020-09-10,821.5100000000006
2020-09-11,821.5100000000006
2020-09-12,820.9400000000005
2020-09-13,830.5800000000005
2020-09-14,836.4000000000005
2020-09-16,835.4000000000005
2020-09-17,837.7300000000006
2020-09-18,833.8800000000006
2020-09-19,843.9200000000005
2020-09-20,836.3100000000005
2020-09-21,835.0500000000005
2020-09-25,837.2000000000005
2020-09-26,850.2200000000005
2020-09-27,861.5500000000005
2020-09-28,857.1400000000006
2020-09-29,856.1400000000006
2020-09-30,857.7400000000006
2020-10-01,857.2300000000006
2020-10-02,850.5300000000005
2020-10-03,859.7900000000005
2020-10-04,876.4200000000005
2020-10-05,875.4200000000005
2020-10-06,878.6000000000005
2020-10-10,874.7700000000004
2020-10-11,874.0500000000004
2020-10-12,875.1500000000004
2020-10-13,873.7500000000005
2020-10-16,874.2100000000005
2020-10-17,893.8800000000005
2020-10-18,905.7100000000005
2020-10-19,906.0400000000005
2020-10-20,903.9200000000005
2020-10-21,904.7500000000006
2020-10-22,904.9100000000005
2020-10-23,900.9100000000005
2020-10-24,888.9100000000005
2020-10-25,895.7000000000005
2020-10-26,893.5800000000005
2020-10-27,891.7800000000005
2020-10-28,893.5400000000005
2020-10-29,890.6600000000005
2020-10-30,894.4600000000005
2020-10-31,869.9800000000005
2020-11-01,873.8200000000005
2020-11-02,876.6000000000005
2020-11-03,865.7300000000005
2020-11-04,866.0100000000004
2020-11-05,865.0100000000004
2020-11-06,858.8000000000004
2020-11-07,848.0700000000004
2020-11-08,842.4900000000004
2020-11-09,846.5200000000003
2020-11-10,845.5200000000003
2020-11-13,844.5200000000003
2020-11-14,853.0100000000003
2020-11-15,849.9900000000004
2020-11-17,850.2100000000004
2020-11-20,850.1600000000004
2020-11-21,829.6500000000004
2020-11-22,837.0700000000004
2020-11-23,838.3400000000004
2020-11-24,846.0200000000003
2020-11-25,846.0800000000003
2020-11-26,842.0800000000003
2020-11-27,841.0500000000003
2020-11-28,845.1300000000003
2020-11-29,839.7500000000003
2020-11-30,836.8700000000003
2020-12-01,832.3100000000004
2020-12-02,829.9000000000004
2020-12-03,831.3400000000005
2020-12-04,830.0600000000005
2020-12-05,819.4400000000005
2020-12-06,808.4700000000005
2020-12-07,812.8100000000005
2020-12-08,815.1000000000005
2020-12-09,811.3800000000005
2020-12-10,810.3800000000005
2020-12-11,807.1600000000004
2020-12-12,805.1000000000005
2020-12-13,799.3700000000005
2020-12-14,800.6600000000004
2020-12-15,804.3200000000004
2020-12-16,791.9400000000004
2020-12-17,790.4100000000004
2020-12-18,787.7900000000004
2020-12-19,785.2600000000004
2020-12-20,779.5300000000004
2020-12-21,784.5700000000004
2020-12-22,785.4600000000004
2020-12-23,786.7300000000004
2020-12-24,783.7300000000004
2020-12-26,798.0900000000004
2020-12-27,806.3000000000004
2020-12-28,802.4300000000004
2020-12-29,803.3600000000004
2020-12-30,802.3800000000003
2020-12-31,804.0200000000003
2021-01-01,802.8300000000003
2021-01-02,804.0300000000003
2021-01-03,802.6300000000003
2021-01-04,815.7900000000003
2021-01-05,815.0000000000003
2021-01-06,814.8300000000004
2021-01-07,814.2300000000004
2021-01-08,824.3500000000004
2021-01-09,816.5000000000003
2021-01-10,811.9200000000003
2021-01-11,818.2500000000003
2021-01-12,815.9500000000004
2021-01-13,816.4700000000004
2021-01-14,813.4700000000004
2021-01-15,817.5000000000003
2021-01-16,818.5700000000004
2021-01-17,816.0900000000004
2021-01-18,812.0900000000004
2021-01-19,812.4400000000004
2021-01-20,813.4700000000004
2021-01-21,810.2100000000004
2021-01-22,809.9400000000004
2021-01-23,798.2000000000004
2021-01-24,808.9600000000004
2021-01-25,809.8200000000004
2021-01-26,808.3500000000004
2021-01-27,816.9800000000004
2021-01-28,817.2800000000003
2021-01-29,816.2100000000003
2021-01-30,834.3400000000003
2021-01-31,849.5300000000003
2021-02-01,849.2000000000003
2021-02-02,849.5900000000003
2021-02-03,848.2700000000002
2021-02-04,850.5200000000002
2021-02-05,849.8300000000002
2021-02-06,855.4900000000001
2021-02-07,855.1300000000001
2021-02-08,856.8000000000001
2021-02-09,859.5300000000001
2021-02-10,856.5300000000001
2021-02-12,855.7300000000001
2021-02-13,846.3800000000001
2021-02-14,839.0600000000001
2021-02-15,838.6800000000001
2021-02-16,835.9200000000001
2021-02-17,834.82
2021-02-19,828.7600000000001
2021-02-20,827.9500000000002
2021-02-21,820.7900000000002
2021-02-22,817.8700000000002
2021-02-23,813.9900000000002
2021-02-24,810.3900000000002
2021-02-26,818.5800000000003
2021-02-27,842.3000000000003
2021-02-28,854.4800000000002
2021-03-01,855.0600000000003
2021-03-02,860.1600000000003
2021-03-03,879.2800000000003
2021-03-04,878.2800000000003
2021-03-05,878.8900000000003
2021-03-06,886.3500000000004
2021-03-07,887.8000000000004
2021-03-08,890.5600000000004
2021-03-09,891.7800000000004
2021-03-10,891.2800000000004
2021-03-12,894.8600000000005
2021-03-13,889.2200000000005
2021-03-14,893.9000000000004
2021-03-15,904.5100000000004
2021-03-16,911.0600000000004
2021-03-17,909.0600000000004
2021-03-19,904.3200000000004
2021-03-20,910.0200000000004
2021-03-21,917.1900000000004
2021-03-22,914.1900000000004
2021-03-23,912.7000000000004
2021-03-26,914.6300000000003
2021-03-27,927.6700000000003
2021-03-28,927.8700000000003
2021-03-29,926.8700000000003
2021-03-30,926.2900000000003
2021-03-31,925.2900000000003
2021-04-01,922.4400000000003
2021-04-02,920.0300000000003
2021-04-03,937.7400000000004
2021-04-04,936.3500000000004
2021-04-05,947.0500000000004
2021-04-06,949.3200000000004
2021-04-07,953.5700000000004
2021-04-08,950.5700000000004
2021-04-09,949.4100000000004
2021-04-10,951.1300000000005
2021-04-11,950.4500000000005
2021-04-12,943.4500000000005
2021-04-13,938.9600000000005
2021-04-14,936.9600000000005
2021-04-15,938.0200000000004
2021-04-16,938.7000000000004
2021-04-17,950.2800000000004
2021-04-18,954.4100000000004
2021-04-19,961.2000000000004
2021-04-20,950.6300000000003
2021-04-21,954.8000000000003
2021-04-22,951.3900000000003
2021-04-23,954.8200000000003
2021-04-24,967.8800000000002
2021-04-25,966.3300000000003
2021-04-26,972.3000000000003
2021-04-27,976.3700000000003
2021-04-28,975.7300000000004
2021-04-29,973.4300000000004
2021-04-30,982.7700000000004
2021-05-01,969.8200000000004
2021-05-02,976.3500000000004
2021-05-03,974.1500000000003
2021-05-04,976.6500000000003
2021-05-05,977.8300000000003
2021-05-06,978.3900000000002
2021-05-07,977.9500000000002
2021-05-08,993.5800000000002
2021-05-09,989.2400000000001
2021-05-10,985.6200000000001
2021-05-11,987.9400000000002
2021-05-12,976.1500000000002
2021-05-13,970.3200000000002
2021-05-14,971.0700000000002
2021-05-15,976.1900000000002
2021-05-16,959.7000000000002
2021-05-17,955.7000000000002
2021-05-18,963.6000000000001
2021-05-19,959.0800000000002
2021-05-20,959.1400000000001
2021-05-21,958.1400000000001
2021-05-22,964.5800000000002
2021-05-23,950.8100000000002
2021-05-24,950.9900000000001
2021-05-25,949.9900000000001
2021-05-29,954.2400000000001
2021-05-30,953.3700000000001
2021-07-23,955.0200000000001
2021-07-24,958.8000000000001
2021-07-25,963.2600000000001
2021-07-26,965.7300000000001
2021-07-27,966.9300000000002
2021-07-30,971.4300000000002
2021-07-31,971.9400000000002
2021-08-01,978.1300000000002
2021-08-06,978.4600000000003
2021-08-07,973.3900000000002
2021-08-08,978.0300000000002
2021-08-13,974.0500000000002
2021-08-14,956.9400000000002
2021-08-15,967.7900000000002
2021-08-16,968.3200000000002
2021-08-17,968.8000000000002
2021-08-18,976.8200000000002
2021-08-20,974.1200000000001
2021-08-21,972.2400000000001
2021-08-22,984.8700000000001
2021-08-23,983.8900000000001
2021-08-24,982.8900000000001
2021-08-25,981.8900000000001
2021-08-27,979.2600000000001
2021-08-28,1003.8100000000001
2021-08-29,1000.71
2021-08-30,995.7900000000001
2021-09-03,994.7900000000001
2021-09-04,991.1500000000001
2021-09-05,994.1600000000001
2021-09-06,997.6600000000001
2021-09-10,995.2800000000001
2021-09-11,988.1000000000001
2021-09-12,984.9900000000001
2021-09-13,981.8600000000001
2021-09-14,984.2500000000001
2021-09-15,984.9100000000001
2021-09-17,981.21
2021-09-18,995.0400000000001
2021-09-19,1007.1800000000001
2021-09-20,1010.1200000000001
2021-09-21,1016.6000000000001
2021-09-22,1018.1200000000001
2021-09-23,1015.1200000000001
2021-09-24,1012.0700000000002
2021-09-25,1016.3100000000002
2021-09-26,1020.2600000000002
2021-09-27,1029.4100000000003
2021-09-28,1032.6900000000003
2021-09-29,1030.0900000000004
2021-10-01,1021.2700000000003
2021-10-02,1026.0300000000004
2021-10-03,1043.8200000000004
2021-10-04,1044.9200000000003
2021-10-05,1045.6200000000003
2021-10-08,1044.6200000000003
2021-10-09,1044.1700000000003
2021-10-10,1042.4700000000003
2021-10-11,1043.6500000000003
2021-10-15,1045.2900000000004
2021-10-16,1033.2100000000005
2021-10-17,1033.5600000000004
2021-10-18,1035.4200000000003
2021-10-19,1032.7900000000002
2021-10-20,1033.41
2021-10-21,1032.41
2021-10-22,1029.8200000000002
2021-10-23,1020.0300000000002
2021-10-24,1036.4800000000002
2021-10-25,1038.9300000000003
2021-10-26,1029.8900000000003
2021-10-27,1034.3100000000004
2021-10-28,1034.3100000000004
2021-10-29,1034.6800000000003
2021-10-30,1036.3500000000004
2021-10-31,1038.9600000000003
2021-11-01,1043.9900000000002
2021-11-02,1041.6400000000003
2021-11-03,1042.7700000000004
2021-11-04,1045.5500000000004
2021-11-05,1050.0700000000004
2021-11-06,1053.1900000000003
2021-11-07,1060.9600000000003
2021-11-12,1059.9600000000003
2021-11-13,1069.9400000000003
2021-11-14,1067.9400000000003
2021-11-15,1066.9400000000003
2021-11-19,1083.3400000000004
2021-11-20,1081.0500000000004
2021-11-21,1078.9300000000005
2021-11-22,1069.9300000000005
2021-11-23,1070.8500000000006
2021-11-24,1072.8800000000006
2021-11-26,1080.2700000000007
2021-11-27,1076.8600000000006
2021-11-28,1068.3000000000006
2021-11-29,1066.3000000000006
2021-11-30,1065.2600000000007
2021-12-01,1059.6100000000006
2021-12-02,1061.8100000000006
2021-12-03,1058.7800000000007
2021-12-04,1050.9200000000008
2021-12-05,1054.1500000000008
2021-12-06,1051.5100000000007
2021-12-07,1049.3900000000008
2021-12-08,1047.3900000000008
2021-12-10,1046.6400000000008
2021-12-11,1044.2200000000007
2021-12-12,1033.1000000000008
2021-12-13,1029.1000000000008
2021-12-14,1023.5100000000008
2021-12-15,1021.0100000000008
2021-12-16,1022.5100000000008
2021-12-17,1022.7200000000008
2021-12-18,1020.0100000000008
2021-12-19,1029.3100000000009
2021-12-20,1031.7800000000009
2021-12-21,1039.960000000001
2021-12-22,1039.850000000001
2021-12-25,1041.430000000001
2021-12-26,1049.7900000000009
2021-12-27,1050.770000000001
2021-12-28,1054.8000000000009
2021-12-29,1052.980000000001
2021-12-30,1049.980000000001
2021-12-31,1050.110000000001
2022-01-01,1044.9900000000011
2022-01-02,1057.360000000001
2022-01-03,1067.9900000000011
2022-01-04,1064.9900000000011
2022-01-05,1063.9900000000011
2022-01-06,1066.4800000000012
2022-01-07,1074.040000000001
2022-01-08,1094.030000000001
2022-01-09,1094.4600000000012
2022-01-10,1092.4600000000012
2022-01-11,1093.030000000001
2022-01-12,1092.030000000001
2022-01-13,1091.7400000000011
2022-01-14,1092.840000000001
2022-01-15,1088.2400000000011
2022-01-16,1089.360000000001
2022-01-17,1090.660000000001
2022-01-18,1089.360000000001
2022-01-19,1090.410000000001
2022-01-20,1087.410000000001
2022-01-21,1093.2800000000009
2022-01-22,1091.950000000001
2022-01-23,1075.880000000001
2022-01-24,1074.470000000001
2022-01-25,1073.730000000001
2022-01-26,1071.3500000000008
2022-01-27,1074.270000000001
2022-01-28,1072.270000000001
2022-01-29,1067.450000000001
2022-01-30,1075.0400000000009
2022-01-31,1076.3800000000008
2022-02-01,1074.3600000000008
2022-02-02,1086.240000000001
2022-02-04,1080.3500000000008
2022-02-05,1083.260000000001
2022-02-06,1079.3500000000008
2022-02-07,1079.9700000000007
2022-02-08,1076.3400000000006
2022-02-09,1085.5300000000007
2022-02-10,1085.1000000000006
2022-02-11,1084.3500000000006
2022-02-12,1108.3400000000006
2022-02-13,1123.9600000000005
2022-02-14,1119.9700000000005
2022-02-15,1112.5500000000004
2022-02-16,1113.8300000000004
2022-02-18,1123.6300000000003
2022-02-19,1142.2600000000004
2022-02-20,1139.8500000000004
2022-02-21,1140.4300000000003
2022-02-22,1136.9500000000003
2022-02-23,1131.6900000000003
2022-02-24,1130.6900000000003
2022-02-25,1127.8900000000003
2022-02-26,1118.0700000000004
2022-02-27,1108.5100000000004
2022-02-28,1105.6100000000004
2022-03-01,1115.5700000000004
2022-03-02,1115.7800000000004
2022-03-04,1114.1600000000005
2022-03-05,1106.9300000000005
2022-03-06,1110.1600000000005
2022-03-07,1108.1600000000005
2022-03-08,1110.9600000000005
2022-03-09,1112.6100000000006
2022-03-10,1111.9300000000005
2022-03-11,1112.8400000000006
2022-03-12,1117.9500000000005
2022-03-13,1111.6500000000005
2022-03-14,1108.6500000000005
2022-03-15,1109.9700000000005
2022-03-16,1105.8800000000006
2022-03-17,1104.8800000000006
2022-03-18,1111.8600000000006
2022-03-19,1100.9100000000005
2022-03-20,1110.7200000000005
2022-03-21,1110.7700000000004
2022-03-22,1114.8600000000004
2022-03-25,1117.2000000000003
2022-03-26,1120.9500000000003
2022-03-27,1118.9500000000003
2022-03-29,1120.0600000000002
2022-04-01,1117.5600000000002
2022-04-02,1126.4800000000002
2022-04-03,1131.3200000000002
2022-04-04,1131.0100000000002
2022-04-05,1132.0400000000002
2022-04-06,1137.14
2022-04-08,1134.5400000000002
2022-04-09,1141.5900000000001
2022-04-10,1146.0000000000002
2022-04-11,1148.6600000000003
2022-04-15,1152.0600000000004
2022-04-16,1138.8500000000004
2022-04-17,1134.8800000000003
2022-04-18,1139.5400000000004
2022-04-19,1146.7300000000005
2022-04-20,1146.3100000000004
2022-04-21,1146.4600000000005
2022-04-22,1142.7400000000005
2022-04-23,1149.6800000000005
2022-04-24,1151.7900000000004
2022-04-25,1156.8700000000003
2022-04-26,1157.2100000000003
2022-04-27,1156.2100000000003
2022-04-29,1157.4000000000003
2022-04-30,1165.8400000000004
2022-05-01,1167.7300000000005
2022-05-02,1172.1800000000005
2022-05-03,1171.1800000000005
2022-05-05,1170.1800000000005
2022-05-06,1169.1800000000005
2022-05-07,1170.6000000000006
2022-05-08,1188.7600000000007
2022-05-09,1191.0600000000006
2022-05-10,1192.0200000000007
2022-05-11,1186.7700000000007
2022-05-12,1185.3200000000006
2022-05-13,1186.0100000000007
2022-05-14,1186.6100000000006
2022-05-15,1189.4500000000005
2022-05-16,1191.1100000000006
2022-05-17,1189.1100000000006
2022-05-20,1188.1300000000006
2022-05-21,1199.0100000000007
2022-05-22,1197.3000000000006
2022-05-27,1198.1300000000006
2022-05-28,1199.3000000000006
2022-05-29,1207.5500000000006
2022-07-16,1204.5500000000006
2022-07-17,1206.4300000000007
2022-07-22,1205.4300000000007
2022-07-23,1207.9800000000007
2022-07-24,1215.3800000000008
2022-07-29,1217.8400000000008
2022-07-30,1213.490000000001
2022-07-31,1212.490000000001
2022-08-01,1210.490000000001
2022-08-05,1208.0400000000009
2022-08-06,1193.6200000000008
2022-08-07,1208.2900000000009
2022-08-08,1208.920000000001
2022-08-12,1204.920000000001
2022-08-13,1199.120000000001
2022-08-14,1195.700000000001
2022-08-15,1191.610000000001
2022-08-16,1199.2700000000011
2022-08-19,1197.590000000001
2022-08-20,1211.310000000001
2022-08-21,1204.2300000000012
2022-08-22,1205.5200000000011
2022-08-26,1201.5100000000011
2022-08-27,1197.330000000001
2022-08-28,1213.540000000001
2022-08-29,1210.2500000000011
2022-08-30,1202.6300000000012
2022-08-31,1193.5000000000011
2022-09-01,1192.5000000000011
2022-09-02,1192.8800000000012
2022-09-03,1204.8400000000013
2022-09-04,1211.4000000000012
2022-09-05,1214.4900000000011
2022-09-07,1218.3900000000012
2022-09-09,1218.5000000000011
2022-09-10,1214.6600000000012
2022-09-11,1211.4200000000012
2022-09-12,1208.530000000001
2022-09-13,1209.330000000001
2022-09-14,1211.130000000001
2022-09-16,1214.900000000001
2022-09-17,1223.290000000001
2022-09-18,1223.030000000001
2022-09-19,1222.030000000001
2022-09-24,1224.560000000001
2022-09-25,1222.560000000001
2022-09-26,1220.560000000001
2022-09-30,1219.410000000001
2022-10-01,1225.310000000001
2022-10-02,1223.870000000001
2022-10-03,1223.570000000001
2022-10-04,1224.5200000000011
2022-10-05,1227.1700000000012
2022-10-07,1224.4200000000012
2022-10-08,1220.1900000000012
2022-10-09,1217.6100000000013
2022-10-10,1215.8300000000013
2022-10-11,1211.8300000000013
2022-10-12,1209.1800000000012
2022-10-13,1206.1800000000012
2022-10-14,1208.7000000000012
2022-10-15,1215.1300000000012
2022-10-16,1214.6000000000013
2022-10-17,1218.5300000000013
2022-10-18,1218.2300000000014
2022-10-19,1216.0700000000013
2022-10-20,1214.8800000000012
2022-10-21,1216.1400000000012
2022-10-22,1224.4300000000012
2022-10-23,1217.030000000001
2022-10-24,1211.540000000001
2022-10-25,1210.4600000000012
2022-10-26,1209.4600000000012
2022-10-28,1211.2200000000012
2022-10-29,1197.9700000000012
2022-10-30,1203.7400000000011
2022-10-31,1197.7400000000011
2022-11-01,1195.280000000001
2022-11-02,1196.5200000000011
2022-11-03,1200.120000000001
2022-11-04,1195.840000000001
2022-11-05,1199.380000000001
2022-11-06,1204.070000000001
2022-11-07,1210.9500000000012
2022-11-08,1213.9300000000012
2022-11-09,1211.7300000000012
2022-11-10,1210.1300000000012
2022-11-11,1213.0600000000013
2022-11-12,1214.8900000000012
2022-11-13,1228.1700000000012
2022-11-14,1226.1700000000012
2022-11-18,1225.1700000000012
2022-11-19,1226.3700000000013
2022-11-20,1228.8500000000013
2022-11-21,1227.8500000000013
2022-11-25,1226.8500000000013
2022-11-26,1223.1000000000013
2022-11-27,1226.4200000000012
2022-11-28,1225.4200000000012
2022-12-02,1225.9200000000012
2022-12-03,1228.4200000000012
2022-12-04,1231.4600000000012
2022-12-05,1230.4600000000012
2022-12-06,1232.6600000000012
2022-12-07,1231.3100000000013
2022-12-08,1225.7500000000014
2022-12-10,1227.8500000000013
2022-12-11,1234.9400000000012
2022-12-12,1235.4400000000012
2022-12-16,1236.5100000000011
2022-12-17,1233.2400000000011
2022-12-18,1237.290000000001
2022-12-19,1235.290000000001
2022-12-20,1234.290000000001
2022-12-21,1231.290000000001
2022-12-22,1232.090000000001
2022-12-23,1234.580000000001
2022-12-24,1235.350000000001
2022-12-25,1236.310000000001
2022-12-26,1229.890000000001
2022-12-27,1229.170000000001
2022-12-28,1224.170000000001
2022-12-29,1225.830000000001
2022-12-30,1223.7100000000012
2022-12-31,1227.7100000000012
2023-01-01,1229.530000000001
2023-01-02,1235.900000000001
2023-01-03,1239.190000000001
2023-01-04,1241.170000000001
2023-01-05,1241.560000000001
2023-01-06,1238.830000000001
2023-01-07,1237.2100000000012
2023-01-08,1239.2600000000011
2023-01-09,1242.4300000000012
2023-01-10,1255.9000000000012
2023-01-11,1259.6200000000013
2023-01-13,1253.6200000000013
2023-01-14,1238.7800000000013
2023-01-15,1231.6700000000014
2023-01-16,1231.9300000000014
2023-01-20,1228.9300000000014
2023-01-21,1220.8400000000015
2023-01-22,1214.5400000000016
2023-01-23,1228.7500000000016
2023-01-24,1230.3500000000015
2023-01-25,1229.5500000000015
2023-01-26,1228.5500000000015
2023-01-27,1223.5500000000015
2023-01-28,1232.9200000000014
2023-01-29,1243.3200000000015
2023-01-30,1248.3700000000015
2023-01-31,1241.7700000000016
2023-02-01,1239.5800000000015
2023-02-03,1236.2100000000016
2023-02-04,1230.0100000000016
2023-02-05,1234.4600000000016
2023-02-06,1235.3900000000017
2023-02-07,1235.9400000000016
2023-02-10,1228.9400000000016
2023-02-11,1239.5800000000017
2023-02-12,1239.1400000000017
2023-02-13,1240.3500000000017
2023-02-14,1237.5500000000018
2023-02-15,1235.7800000000018
2023-02-17,1229.7800000000018
2023-02-18,1240.1500000000017
2023-02-19,1231.6400000000017
2023-02-20,1231.8400000000017
2023-02-21,1229.0900000000017
2023-02-24,1231.2200000000018
2023-02-25,1233.8300000000017
2023-02-26,1232.5800000000017
2023-02-27,1231.5800000000017
2023-02-28,1231.0300000000018
2023-03-01,1230.2800000000018
2023-03-03,1233.3300000000017
2023-03-04,1233.2200000000018
2023-03-05,1228.400000000002
2023-03-06,1228.160000000002
2023-03-07,1228.0300000000018
2023-03-10,1228.8600000000017
2023-03-11,1234.5500000000018
2023-03-12,1236.2900000000018
2023-03-13,1240.4100000000017
2023-03-14,1236.4100000000017
2023-03-15,1235.4100000000017
2023-03-17,1235.8300000000017
2023-03-18,1249.0800000000017
2023-03-19,1241.4400000000016
2023-03-20,1240.4400000000016
2023-03-21,1239.2700000000016
2023-03-22,1238.2700000000016
2023-03-24,1237.7700000000016
2023-03-25,1240.0400000000016
2023-03-26,1243.4900000000016
2023-03-28,1244.4000000000017
2023-03-31,1248.5200000000016
2023-04-01,1267.2300000000016
2023-04-02,1276.4500000000016
2023-04-03,1277.2900000000016
2023-04-04,1275.9000000000015
2023-04-05,1273.1500000000015
2023-04-07,1274.3300000000015
2023-04-08,1271.9400000000014
2023-04-09,1277.7800000000013
2023-04-10,1288.8900000000012
2023-04-11,1288.1200000000013
2023-04-12,1287.1200000000013
2023-04-14,1288.5700000000013
2023-04-15,1289.8900000000012
2023-04-16,1290.0500000000013
2023-04-17,1291.7900000000013
2023-04-18,1296.1800000000014
2023-04-19,1294.1800000000014
2023-04-20,1295.2200000000014
2023-04-21,1297.0900000000013
2023-04-22,1312.5500000000013
2023-04-23,1307.7400000000014
2023-04-24,1303.9400000000014
2023-04-25,1310.5500000000013
2023-04-26,1316.6500000000012
2023-04-27,1314.2900000000013
2023-04-28,1314.6000000000013
2023-04-29,1317.1600000000012
2023-04-30,1312.7400000000011
2023-05-01,1315.610000000001
2023-05-02,1314.2600000000011
2023-05-03,1312.560000000001
2023-05-04,1309.790000000001
2023-05-05,1312.7400000000011
2023-05-06,1312.6700000000012
2023-05-07,1308.7600000000011
2023-05-08,1307.380000000001
2023-05-12,1305.100000000001
2023-05-13,1311.040000000001
2023-05-14,1302.640000000001
2023-05-15,1297.640000000001
2023-05-16,1298.000000000001
2023-05-17,1299.200000000001
2023-05-18,1299.8200000000008
2023-05-19,1298.960000000001
2023-05-20,1317.110000000001
2023-05-21,1318.130000000001
2023-05-22,1315.130000000001
2023-05-23,1314.590000000001
2023-05-24,1311.290000000001
2023-05-25,1310.9900000000011
2023-05-26,1308.590000000001
2023-05-27,1317.190000000001
2023-05-28,1342.170000000001
2023-05-30,1344.020000000001
2023-06-02,1347.1000000000008
2023-06-03,1346.740000000001
2023-06-04,1351.450000000001
2023-06-06,1348.450000000001
2023-06-07,1346.450000000001
2023-07-28,1345.450000000001
2023-07-29,1342.450000000001
2023-07-30,1341.100000000001
2023-08-04,1340.100000000001
2023-08-05,1345.860000000001
2023-08-06,1348.910000000001
2023-08-07,1347.910000000001
2023-08-11,1356.830000000001
2023-08-12,1343.2200000000012
2023-08-13,1356.3800000000012
2023-08-14,1351.1100000000013
2023-08-15,1346.7400000000014
2023-08-18,1344.8800000000015
2023-08-19,1330.0300000000016
2023-08-20,1326.8800000000015
2023-08-21,1325.8200000000015
2023-08-25,1334.1800000000014
2023-08-26,1321.2000000000014
2023-08-27,1325.7900000000013
2023-08-28,1318.7900000000013
2023-08-29,1317.7900000000013
2023-08-30,1322.3900000000012
2023-09-01,1329.9900000000011
2023-09-02,1331.290000000001
2023-09-03,1337.6900000000012
2023-09-04,1339.0900000000013
2023-09-08,1338.0900000000013
2023-09-09,1336.0900000000013
2023-09-10,1336.3900000000012
2023-09-11,1338.4900000000011
2023-09-15,1347.810000000001
2023-09-16,1348.860000000001
2023-09-17,1346.790000000001
2023-09-18,1352.550000000001
2023-09-19,1351.650000000001
2023-09-20,1348.650000000001
2023-09-22,1356.600000000001
2023-09-23,1364.370000000001
2023-09-24,1355.450000000001
2023-09-25,1355.8000000000009
2023-09-26,1352.5400000000009
2023-09-27,1351.210000000001
2023-09-28,1350.370000000001
2023-09-29,1348.710000000001
2023-09-30,1349.160000000001
2023-10-01,1363.670000000001
2023-10-02,1361.770000000001
2023-10-03,1360.1300000000008
2023-10-04,1360.2200000000007
2023-10-05,1361.1100000000008
2023-10-06,1357.5600000000009
2023-10-07,1353.520000000001
2023-10-08,1339.670000000001
2023-10-09,1340.710000000001
2023-10-13,1339.710000000001
2023-10-14,1339.8100000000009
2023-10-15,1338.8100000000009
2023-10-16,1337.8100000000009
2023-10-20,1335.8100000000009
2023-10-21,1327.750000000001
2023-10-22,1327.180000000001
2023-10-23,1333.680000000001
2023-10-24,1332.0300000000009
2023-10-25,1331.0300000000009
2023-10-27,1326.0300000000009
2023-10-28,1323.910000000001
2023-10-29,1328.800000000001
2023-10-30,1327.080000000001
2023-10-31,1325.080000000001
2023-11-02,1324.080000000001
2023-11-03,1331.700000000001
2023-11-04,1321.2900000000009
2023-11-05,1321.0400000000009
2023-11-06,1323.010000000001
2023-11-08,1323.010000000001
2023-11-10,1317.900000000001
2023-11-11,1320.940000000001
2023-11-12,1314.410000000001
2023-11-13,1313.410000000001
2023-11-14,1314.750000000001
2023-11-17,1316.8000000000009
2023-11-18,1315.5600000000009
2023-11-19,1313.5600000000009
2023-11-21,1313.500000000001
2023-11-22,1312.500000000001
2023-11-24,1307.3000000000009
2023-11-25,1311.520000000001
2023-11-26,1314.6300000000008
2023-11-27,1313.8600000000008
2023-11-28,1317.9200000000008
2023-11-29,1317.1700000000008
2023-12-01,1311.9300000000007
2023-12-02,1318.8900000000008
2023-12-03,1317.3300000000008
2023-12-04,1315.5300000000009
2023-12-05,1318.1400000000008
2023-12-06,1333.9300000000007
2023-12-07,1335.2300000000007
2023-12-08,1338.7500000000007
2023-12-09,1351.4600000000007
2023-12-10,1349.4900000000007
2023-12-11,1356.0300000000007
2023-12-12,1357.9800000000007
2023-12-15,1364.2000000000007
2023-12-16,1370.2500000000007
2023-12-17,1367.4000000000008
2023-12-18,1366.6500000000008
2023-12-19,1366.7500000000007
2023-12-20,1365.8000000000006
2023-12-21,1361.5000000000007
2023-12-22,1366.4600000000007
2023-12-23,1361.5200000000007
2023-12-24,1360.5200000000007
2023-12-25,1357.5200000000007
2023-12-26,1355.0000000000007
2023-12-27,1353.8000000000006
2023-12-29,1356.0800000000006
2023-12-30,1352.2300000000007
2023-12-31,1351.2300000000007
2024-01-01,1357.1400000000008
2024-01-02,1362.1600000000008
2024-01-03,1362.4400000000007
2024-01-04,1359.4400000000007
2024-01-05,1361.4900000000007
2024-01-06,1356.1800000000007
2024-01-07,1359.2000000000007
2024-01-08,1358.2000000000007
2024-01-09,1360.2200000000007
2024-01-10,1360.4000000000008
2024-01-11,1359.4000000000008
2024-01-12,1361.6000000000008
2024-01-13,1363.8800000000008
2024-01-14,1349.9300000000007
2024-01-15,1350.9800000000007
2024-01-19,1352.9500000000007
2024-01-20,1344.8400000000008
2024-01-21,1344.7900000000009
2024-01-22,1344.5600000000009
2024-01-23,1341.210000000001
2024-01-24,1339.210000000001
2024-01-25,1342.110000000001
2024-01-26,1339.410000000001
2024-01-27,1353.830000000001
2024-01-28,1355.800000000001
2024-01-29,1359.7700000000011
2024-01-30,1355.2000000000012
2024-01-31,1353.1300000000012
2024-02-01,1353.8000000000013
2024-02-02,1348.8000000000013
2024-02-03,1361.9300000000014
2024-02-04,1363.1100000000015
2024-02-05,1364.6600000000014
2024-02-06,1364.1100000000015
2024-02-07,1363.1100000000015
2024-02-09,1363.9200000000014
2024-02-10,1366.2700000000013
2024-02-11,1368.0200000000013
2024-02-12,1373.5200000000013
2024-02-13,1371.5800000000013
2024-02-14,1370.5800000000013
2024-02-16,1368.1900000000012
2024-02-17,1374.1200000000013
2024-02-18,1394.4600000000012
2024-02-19,1394.1100000000013
2024-02-20,1393.3400000000013
2024-02-21,1393.5700000000013
2024-02-22,1392.5700000000013
2024-02-23,1390.7700000000013
2024-02-24,1397.8500000000013
2024-02-25,1405.8400000000013
2024-02-26,1401.8400000000013
2024-02-27,1408.3600000000013
2024-02-28,1412.3400000000013
2024-03-01,1410.6500000000012
2024-03-02,1420.7000000000012
2024-03-03,1426.2100000000012
2024-03-04,1424.2100000000012
2024-03-05,1424.300000000001
2024-03-08,1424.310000000001
2024-03-09,1410.7700000000011
2024-03-10,1408.050000000001
2024-03-11,1405.030000000001
2024-03-12,1406.2100000000012
2024-03-13,1408.2100000000012
2024-03-14,1407.2100000000012
2024-03-15,1404.7300000000012
2024-03-16,1402.070000000001
2024-03-17,1402.380000000001
2024-03-19,1401.380000000001
2024-03-23,1399.590000000001
2024-03-24,1397.5200000000011
2024-03-29,1399.130000000001
2024-03-30,1407.050000000001
2024-03-31,1408.5000000000011
2024-04-01,1419.9100000000012
2024-04-02,1422.8400000000013
2024-04-03,1420.1800000000012
2024-04-04,1418.1800000000012
2024-04-05,1416.3500000000013
2024-04-06,1421.1100000000013
2024-04-07,1422.2300000000012
2024-04-08,1424.4500000000012
2024-04-09,1427.540000000001
2024-04-10,1425.540000000001
2024-04-11,1424.540000000001
2024-04-12,1421.890000000001
2024-04-13,1410.110000000001
2024-04-14,1402.140000000001
2024-04-15,1406.090000000001
2024-04-16,1406.540000000001
2024-04-17,1408.570000000001
2024-04-19,1409.180000000001
2024-04-20,1405.0400000000009
2024-04-21,1416.3700000000008
2024-04-22,1413.2200000000007
2024-04-23,1413.7900000000006
2024-04-24,1413.5700000000006
2024-04-25,1412.0100000000007
2024-04-26,1407.7800000000007
2024-04-27,1398.8800000000006
2024-04-28,1399.7300000000005
2024-04-29,1396.7300000000005
2024-05-01,1397.1800000000005
2024-05-03,1399.3100000000006
2024-05-04,1386.8600000000006
2024-05-05,1397.8600000000006
2024-05-06,1398.5500000000006
2024-05-10,1397.5400000000006
2024-05-11,1393.9900000000007
2024-05-12,1402.9700000000007
2024-05-13,1400.5800000000006
2024-05-14,1401.9900000000007
2024-05-15,1401.6100000000006
2024-05-16,1402.7800000000007
2024-05-17,1399.7800000000007
2024-05-18,1396.2600000000007
2024-05-19,1411.7000000000007
2024-05-20,1414.6900000000007
2024-05-24,1413.6900000000007
2024-05-25,1411.6900000000007
2024-05-26,1404.5700000000008
2024-06-02,1411.5700000000008
2024-07-26,1410.5700000000008
2024-07-27,1409.5700000000008
2024-07-28,1410.8600000000008
2024-08-02,1413.1400000000008
2024-08-03,1416.4100000000008
2024-08-04,1416.9100000000008
2024-08-09,1412.9100000000008
2024-08-10,1413.2500000000007
2024-08-11,1423.0100000000007
2024-08-12,1422.0100000000007
2024-08-15,1426.9500000000007
2024-08-16,1420.5500000000006
2024-08-17,1438.0100000000007
2024-08-18,1455.0900000000006
2024-08-19,1450.5900000000006
2024-08-23,1448.8100000000006
2024-08-24,1455.2900000000006
2024-08-25,1452.6900000000007
2024-08-26,1454.6200000000008
2024-08-27,1452.270000000001
2024-08-28,1455.680000000001
2024-08-30,1452.650000000001
2024-08-31,1448.220000000001
2024-09-01,1444.850000000001
2024-09-07,1445.050000000001
2024-09-08,1448.9500000000012
2024-09-10,1446.9500000000012
2024-09-13,1441.7100000000012
2024-09-14,1427.7700000000011
2024-09-15,1422.090000000001
2024-09-16,1423.660000000001
2024-09-17,1424.900000000001
2024-09-18,1424.450000000001
2024-09-19,1423.450000000001
2024-09-20,1420.950000000001
2024-09-21,1424.5500000000009
2024-09-22,1425.7900000000009
2024-09-23,1423.7900000000009
2024-09-24,1430.010000000001
2024-09-26,1429.730000000001
2024-09-27,1437.010000000001
2024-09-28,1439.010000000001
2024-09-29,1446.170000000001
2024-09-30,1446.070000000001
2024-10-01,1440.070000000001
2024-10-02,1439.9600000000012
2024-10-04,1438.9700000000012
2024-10-05,1429.9400000000012
2024-10-06,1431.8600000000013
2024-10-12,1433.5400000000013
2024-10-17,1432.5400000000013
2024-10-18,1427.9000000000012
2024-10-19,1431.3700000000013
2024-10-20,1430.9800000000012
2024-10-21,1429.9800000000012
2024-10-22,1431.6800000000012
2024-10-23,1434.9800000000012
2024-10-24,1436.280000000001
2024-10-25,1429.2000000000012
2024-10-26,1422.0200000000011
2024-10-27,1431.7000000000012
2024-10-28,1437.4400000000012
2024-10-29,1442.2500000000011
2024-10-30,1442.3800000000012
2024-11-01,1448.5000000000011
2024-11-02,1449.3900000000012
2024-11-03,1446.3800000000012
2024-11-04,1442.3800000000012
2024-11-05,1444.7500000000011
2024-11-07,1443.7500000000011
2024-11-08,1444.6700000000012
2024-11-09,1443.0800000000013
2024-11-10,1439.8600000000013
2024-11-16,1444.0800000000013
2024-11-17,1445.2600000000014
2024-11-22,1448.1100000000013
2024-11-23,1451.4200000000012
2024-11-24,1449.280000000001
2024-11-25,1452.630000000001
2024-11-26,1458.580000000001
2024-11-27,1457.030000000001
2024-11-29,1458.850000000001
2024-11-30,1465.680000000001
2024-12-01,1454.950000000001
2024-12-02,1450.950000000001
2024-12-03,1455.440000000001
2024-12-04,1460.710000000001
2024-12-05,1462.460000000001
2024-12-06,1464.980000000001
2024-12-07,1458.8300000000008
2024-12-08,1459.980000000001
2024-12-09,1460.5800000000008
2024-12-10,1462.4400000000007
2024-12-11,1461.4400000000007
2024-12-13,1460.4400000000007
2024-12-14,1479.2400000000007
2024-12-15,1479.1900000000007
2024-12-16,1476.5900000000008
2024-12-17,1475.8400000000008
2024-12-18,1474.8400000000008
2024-12-19,1478.220000000001
2024-12-20,1479.140000000001
2024-12-21,1473.320000000001
2024-12-22,1465.030000000001
2024-12-23,1465.890000000001
2024-12-26,1468.540000000001
2024-12-27,1469.790000000001
2024-12-28,1471.5100000000011
2024-12-29,1477.5000000000011
2024-12-30,1483.100000000001
2025-01-01,1485.100000000001
2025-01-02,1487.850000000001
2025-01-03,1483.850000000001
2025-01-04,1485.830000000001
2025-01-05,1488.450000000001
2025-01-06,1489.830000000001
2025-01-07,1491.430000000001
2025-01-08,1490.430000000001
2025-01-10,1496.620000000001
2025-01-11,1494.7600000000011
2025-01-12,1502.120000000001
2025-01-13,1502.570000000001
2025-01-14,1498.7400000000011
2025-01-15,1502.8900000000012
2025-01-17,1506.0600000000013
2025-01-18,1513.8400000000013
2025-01-19,1518.7300000000014
2025-01-20,1518.3600000000015
2025-01-21,1520.4200000000014
2025-01-24,1517.0000000000014
2025-01-25,1511.8700000000013
2025-01-26,1511.7900000000013
2025-01-27,1513.3100000000013
2025-01-28,1515.9600000000014
2025-01-31,1510.3000000000013
2025-02-01,1501.1300000000012
2025-02-02,1495.1200000000013
2025-02-03,1493.5100000000014
2025-02-04,1495.8500000000013
2025-02-05,1496.8000000000013
2025-02-06,1495.8000000000013
2025-02-07,1497.1800000000014
2025-02-08,1510.6800000000014
2025-02-09,1505.0400000000013
2025-02-10,1503.3600000000013
2025-02-11,1505.9500000000012
2025-02-12,1504.9500000000012
2025-02-14,1500.0900000000013
2025-02-15,1495.3900000000012
2025-02-16,1498.3300000000013
2025-02-17,1495.3300000000013
2025-02-18,1496.2700000000013
2025-02-19,1495.2700000000013
2025-02-21,1489.6900000000014
2025-02-22,1491.3700000000015
2025-02-23,1492.8300000000015
2025-02-24,1500.2900000000016
2025-02-25,1504.9500000000016
2025-02-26,1503.9500000000016
2025-02-28,1495.9500000000016
2025-03-01,1501.6200000000017
2025-03-02,1500.1900000000016
2025-03-03,1498.1900000000016
2025-03-04,1500.6700000000017
2025-03-05,1499.6700000000017
2025-03-07,1502.5000000000016
2025-03-08,1512.8700000000015
2025-03-09,1509.6100000000015
2025-03-10,1511.4800000000014
2025-03-11,1508.9200000000014
2025-03-14,1510.1200000000015
2025-03-15,1536.4700000000014
2025-03-16,1529.7800000000013
2025-03-18,1528.7800000000013
2025-03-22,1534.5300000000013
2025-03-23,1533.5300000000013
2025-03-25,1535.5300000000013
2025-03-27,1534.5300000000013
2025-03-28,1527.5300000000013
2025-03-29,1527.4100000000014
2025-03-30,1523.6600000000014
2025-03-31,1530.9100000000014
2025-04-01,1524.1900000000014
2025-04-02,1524.3400000000015
2025-04-04,1518.8400000000015
2025-04-05,1523.1600000000014
2025-04-06,1537.2500000000014
2025-04-07,1538.3800000000015
2025-04-08,1544.0800000000015
2025-04-11,1541.0800000000015
2025-04-12,1547.8500000000015
2025-04-13,1551.4600000000014
2025-04-14,1550.4600000000014
2025-04-18,1548.0100000000014
2025-04-19,1550.7100000000014
2025-04-20,1556.6200000000015
2025-04-21,1552.5400000000016
2025-04-22,1551.9800000000016
2025-04-23,1553.0300000000016
2025-04-24,1552.0000000000016
2025-04-25,1549.7300000000016
2025-04-26,1547.9800000000016
2025-04-27,1546.0000000000016
2025-04-28,1544.0000000000016
2025-04-29,1546.2000000000016
2025-05-01,1543.2000000000016
2025-05-02,1543.2400000000016
2025-05-03,1567.8700000000017
2025-05-04,1578.0200000000018
2025-05-05,1579.1900000000019
2025-05-09,1582.350000000002
2025-05-10,1576.900000000002
2025-05-11,1574.9300000000019
2025-05-13,1576.7000000000019
2025-05-14,1573.4800000000018
2025-05-15,1571.4800000000018
2025-05-16,1572.890000000002
2025-05-17,1573.7200000000018
2025-05-18,1583.3400000000017
2025-05-23,1582.3400000000017
2025-05-24,1580.6700000000017
2025-05-25,1602.9300000000017
2025-05-30,1601.9300000000017
2025-05-31,1600.9300000000017
2025-06-01,1602.2700000000016
2025-08-01,1604.4700000000016
2025-08-02,1603.3700000000017
2025-08-03,1603.2800000000018
2025-08-08,1603.6100000000017
2025-08-09,1593.6600000000017
2025-08-10,1590.6600000000017
2025-08-11,1593.5100000000016
2025-08-15,1592.5100000000016
2025-08-16,1606.2600000000016
2025-08-17,1601.5600000000015
2025-08-18,1606.3600000000015
2025-08-19,1602.3600000000015
2025-08-22,1600.3600000000015
2025-08-23,1624.5200000000016
2025-08-24,1630.9500000000016
2025-08-25,1628.3500000000017
2025-08-29,1626.3500000000017
2025-08-30,1608.1500000000017
2025-08-31,1607.2500000000016
2025-09-03,1608.7000000000016
2025-09-06,1608.4900000000016
2025-09-07,1607.4900000000016
2025-09-13,1606.8800000000017
2025-09-14,1611.0300000000018
2025-09-15,1612.3300000000017
2025-09-19,1611.2800000000018
2025-09-20,1607.5200000000018
2025-09-21,1608.670000000002
2025-09-22,1607.670000000002
2025-09-23,1612.170000000002
2025-09-24,1613.120000000002
2025-09-25,1614.370000000002
2025-09-27,1628.070000000002
2025-09-28,1626.220000000002
2025-09-30,1628.000000000002
2025-10-01,1632.350000000002
2025-10-03,1634.750000000002
2025-10-04,1627.440000000002
2025-10-05,1630.8400000000022
2025-10-10,1632.940000000002
2025-10-11,1633.1400000000021
2025-10-12,1634.690000000002
2025-10-17,1634.8400000000022
2025-10-18,1630.6300000000022
2025-10-19,1628.9200000000021
2025-10-20,1629.8700000000022
2025-10-21,1626.8700000000022
2025-10-22,1628.240000000002
2025-10-24,1626.990000000002
2025-10-25,1621.200000000002
2025-10-26,1621.470000000002
2025-10-29,1619.470000000002
2025-11-01,1616.820000000002
2025-11-02,1616.130000000002
2025-11-03,1615.130000000002
2025-11-05,1614.130000000002
2025-11-08,1614.130000000002
2025-11-09,1616.030000000002
2025-11-22,1614.730000000002
2025-11-23,1614.550000000002
2025-11-24,1613.550000000002
2025-11-25,1614.980000000002
2025-11-29,1612.310000000002
2025-11-30,1615.660000000002
2025-12-01,1617.9900000000018
2025-12-03,1616.9900000000018
2025-12-05,1617.4400000000019
2025-12-06,1608.7700000000018
2025-12-07,1607.5500000000018
2025-12-08,1608.6500000000017
2025-12-10,1609.8500000000017
2025-12-12,1610.3500000000017
2025-12-13,1610.1500000000017
2025-12-14,1610.5300000000018
2025-12-15,1610.910000000002
2025-12-19,1611.650000000002
2025-12-20,1610.9500000000019
2025-12-21,1614.650000000002
2025-12-22,1612.650000000002
2025-12-26,1613.900000000002
2025-12-27,1615.540000000002
2025-12-29,1613.540000000002
2026-01-02,1612.540000000002
2026-01-03,1617.220000000002
2026-01-04,1616.520000000002
2026-01-05,1615.520000000002
2026-01-06,1616.9000000000021
2026-01-07,1616.1000000000022
2026-01-08,1618.3500000000022
2026-01-10,1616.3500000000022
2026-01-11,1615.8000000000022
2026-01-13,1616.6000000000022
2026-01-14,1615.6000000000022
